"sum(2020)_Basic EPS";"sum(2021)_Basic EPS";"sum(2022)_Basic EPS";"sum(2022)_Net Income";"sum(2022)_Total Assets";"sum(2022)_Total Liabilities Net Minority Interest";"sum(2022)_Total Revenue";"sum(2023)_Basic EPS"
1.760398974725115;4.065586447435747;2.7094043651092674;0.256604933851457;0.024933384030403898;-0.10193343599762568;0.7512636260464851;1.6200401346311268
-0.16588932199930204;-0.2894992562770961;-0.2755318661385989;-0.16635293458945188;-0.18562818231290776;-0.15932110223233364;-0.301095684077072;-0.2500151658641751
0.8536683242934751;0.8119492261825454;0.2290505610231677;-0.13898070353166375;-0.17042931064041375;-0.15407891227980952;-0.2727394606772552;0.2648742933609749
-0.10998339705697661;-0.25514354715949095;-0.2567227369099915;-0.160961430743063;-0.1884509611052835;-0.16241297252370643;-0.30929614761152613;-0.23079844115348994
0.07527307377519635;-0.08164615301467111;-0.12864444616005727;-3.354842813020002E-4;-0.1355759483442349;-0.15106865984925347;0.01923165382044462;-0.10012729785984217
-2.521077377131948;-0.6013000044428324;-0.3727844330356928;-0.26960784475067195;-0.17306371034985904;-0.14999146447010625;-0.2589858793399182;-0.34925429684137976
-0.08114919817307549;-0.23062276177878596;-0.24140583790405254;-0.1356246812822022;-0.1423481765432163;-0.12907111232635943;-0.28056826470148233;-0.21519205019995366
0.8839157249464559;1.6472428012984404;1.7898534027582347;-0.07274729991783957;-0.17645950556436457;-0.15974175577887934;-0.24663833846978991;2.033024739877644
-0.08329962415932746;-0.1899811985145508;-0.19557378835649317;-0.14137586104518612;0.10326949342768607;0.10663553651270569;0.34896684748112294;-0.14524212890932284
4.32347728491398;4.861857469168703;5.053650870538978;0.22732487965026438;-0.0068191419682854;-0.03408086935721027;0.011705877068048522;6.328550538380927
-0.10997021783240639;-0.2553699201556562;-0.257069750999423;-0.16103318536008138;-0.18846417081438896;-0.16242452766925058;-0.3093594471349043;-0.2311691791106632
-0.10993042953737601;-0.2553543364462295;-0.25702014921419836;-0.1609463614801204;-0.18845603868011251;-0.16241856515755498;-0.30932225864191093;-0.23112531278279158
-0.10990760571305472;-0.25524686200623126;-0.25678133315227014;-0.16042369043092283;-0.18838675960281506;-0.16238802082343087;-0.3089726966922579;-0.23097350154502672
0.02657475872389735;0.026857638661999708;-0.14914651738623821;-0.13699884402846638;-0.1297922768212998;-0.12490096038848365;-0.18242929899768556;-0.12104816192168061
-0.10375499490940361;-0.8523943155079742;-0.2553935413373986;-0.15825464993555616;-0.08706204170734454;-0.07168337754930895;-0.273729316347391;-0.22784579862445273
-0.16429593646453264;-0.25170011267589193;-0.24130663433360328;-0.13600326606947263;-0.05491789681950831;-0.04037076351780206;-0.28351959691953643;-0.21171648729935794
0.9400894690162772;0.006186232005091174;-0.27920239824522164;-0.17611180279453095;-0.17514064927435263;-0.153372031006207;-0.22019171946284113;-0.224336492394725
0.35674674213736285;0.7613253731452184;0.7978176982656072;-0.11372964811273155;-0.1622693481518779;-0.1467187039088375;-0.15846676249217814;0.845259554431332
0.09190914413433576;-0.017775725099243588;0.14562035827533773;0.42029185574765576;0.009891296000221298;-0.041264603370694916;2.000555336517934;0.24418963260306042
0.08871156177959208;0.03525276095735641;-0.09306343222558836;-0.14523093068492657;-0.17701964484433588;-0.1554860916675975;-0.24124873452905618;-0.06381947571381283
-0.12305321245798488;-0.204959843212397;-0.22286721697134612;-0.12146018325169337;-0.17821730811540484;-0.1532987529885037;-0.27680588660025524;-0.19627474354598837
-0.11005707108285281;-0.2553701648376125;-0.25704967550354973;-0.1610274816990338;-0.18846488886334972;-0.16242441296731303;-0.3093624626225787;-0.23115544220137352
-0.017283972222924722;-0.12893726906037406;-0.14445088171830647;-0.11996168434586654;-0.15404460842660989;-0.1363712331272346;-0.2595541674719151;-0.1308674706990919
-0.08578621975643665;-0.21885899330538405;-0.22640835455424618;-0.15234579025678108;-0.18141683797129163;-0.1597151528188373;-0.30266400021248274;-0.19988821543274657
-0.10548938086284554;-0.25348155762696667;-0.2967283623579247;-0.19861026825998324;-0.1555972839185939;-0.15095140038305388;-0.26946823320781277;-0.19403498283419124
-4.400737274852895;2.841122002095401;3.0761930329170077;-0.05523567380626816;-0.13399081257075143;-0.13007852729898514;-0.03863964387300882;3.17017493162596
-0.10992225409708524;-0.2553517419737613;-0.25699665450193027;-0.16076222370273624;-0.18841801026915042;-0.16239980899703557;-0.30922887150489176;-0.23114026107759705
0.11476753691351692;0.12430855575885409;-0.08178729305118883;-0.13237071267098677;-0.18559756552019874;-0.16170311431157175;-0.2902395566137797;-0.0928049954381987
5.187835899725049E-4;-0.05970915003182942;-0.02967235070850947;0.5296092934294852;0.03585473222688998;0.004001898476152182;4.400109858169374;0.04544142401559509
-0.11463739175316132;-0.25676249797962464;-0.26084973771210807;-0.163636037953523;-0.18522453328131228;-0.16065031498798268;-0.2939220876410626;-0.23503312772956822
-0.10992437573618818;-0.2553230930915966;-0.25702544007128897;-0.1610214626064285;-0.1884610292919794;-0.16242321752137248;-0.3093533058316089;-0.23114994541305794
0.09674872823881267;0.07144881587904518;0.2687319892028728;0.7631881853194322;0.056947072290982836;-0.07672979106150349;1.9223449506847543;0.20099817131410358
-0.10985527770992506;-0.2553644359049105;-0.2571233209274656;-0.1610423759332758;-0.18846350713559396;-0.1624230613377791;-0.3093624497982823;-0.2312305919696834
-0.07255029427315669;-0.21993364489496928;-0.21419099174413816;-0.12414890204924459;-0.13843675612758555;-0.1228065113206869;-0.19918482568231452;-0.20105359529364672
-0.13658836251275308;-0.3762347911477163;0.033553391524487275;0.3215037572292111;0.020325629436719544;-0.022999889458572793;0.11160044702678139;0.0653837315326056
-0.10989470303614761;-0.25535726419239685;-0.2570449501068106;-0.16102319702901066;-0.18846018862069744;-0.16242069998454547;-0.3093558660092893;-0.23115062027964056
-1.3376644496912635;-0.6585893314634074;-1.2161801211385082;-0.18456873335399762;-0.18022487991820413;-0.14073733423033163;-0.30487413738088553;-1.2098779063529763
-0.10994753228191666;-0.25537101700580533;-0.2570239520177322;-0.16102131464264535;-0.1884621518714636;-0.16242149059756303;-0.3093544324032464;-0.2311535896926042
-0.1760396150787122;-0.2481142564190813;-0.24692816999239484;-0.1595488144502411;-0.18495915420247536;-0.15914817280153515;-0.2990129106105735;-0.22082718616499725
-0.1436501540062887;-0.18413682233429612;-0.19091122054537782;-0.14828921537303985;-0.18154937365606433;-0.15769387486976078;-0.2973219179165748;-0.16366598661539347
0.08171144905704511;0.01795627783626972;0.005015831091916046;-0.02165219655887391;-0.16965038601170332;-0.1559863733957189;-0.18368283287908657;0.03626323849169177
-0.5296749392844186;-0.32784682495287126;-0.28128567322465614;-0.17492403744124574;-0.18397703011729302;-0.15576575267649256;-0.3058044646117214;-0.25588650513314265
-0.19052204890607324;-0.22803346138094158;-0.2532441306443312;-0.15717768057585504;-0.06468917092976376;-0.0872950695145017;-0.24318715701787522;-0.2135386270724858
0.19254656716403884;-0.03178165777290405;-0.09832122145939928;-0.15653958500745155;-0.18197960791741577;-0.15790182125626878;-0.29890907995446675;-0.06918466504580045
0.043124407938313965;0.017660972026885283;-0.019090636527254817;-0.13754718592181883;-0.1689296845098841;-0.1539251295363691;-0.16797367457638354;0.12173509118304145
1.6141743978541336;1.8497382134477482;2.1073048281958755;6.839947152527398;2.8268876682807287;1.3017149456486445;14.334346162735812;2.589789670555603
-0.10296634146900674;-0.2519109610237924;-0.2569146627509539;-0.16091137087830698;-0.18270418897754376;-0.16169499480354654;-0.2860490526063254;-0.2310176715628605
-0.15689733152261154;-0.24617367538598375;-0.2889243481492494;-0.18190865681355908;-0.18070650142837444;-0.15649730964933448;-0.2953920101688541;-0.26368121416263407
-0.3359187328158961;-0.22411011277054876;-0.07428088955386128;0.10168284253822793;-0.02577580223892036;-0.06178344120250618;-0.09103007004481017;-0.12256661173262051
0.8190998664043543;0.6432030493914555;0.682080199408134;-0.14010594540536356;-0.17659331395866992;-0.15367737597895234;-0.20970931640263757;0.7271579024693408
9.076787412251138E-4;-0.08151959338207779;-0.16151389583557965;-0.13610812409820297;-0.13543599716226082;-0.12100211956343089;-0.024144230771321405;-0.13366816701704767
-1.257729873001665;-0.7441031988565676;-0.15880233157663312;-0.14438862830231106;-0.15769835530814566;-0.1274109127688949;0.07011278036364671;-0.13090121402822388
-0.10822349958161252;-0.2512588962660907;-0.2555393110638168;-0.15950505266414164;-0.18811071584287312;-0.16229629933103532;-0.30621376660885347;-0.2296142257662683
-0.1079147211525752;0.28039876929061225;0.6523191282733553;0.1598452054519966;-0.053337075724059754;-0.11519901987223179;0.593414201308311;1.0578425279629162
-0.03068490159782392;-0.14762590813998727;-0.18228050991629197;0.1777409369568824;-0.10972771779857798;-0.1519150489461415;0.015896875054102626;-0.14169907935046308
-0.10815580589895116;-0.2533032013554073;-0.2508632449535489;-0.14832680869162312;-0.06544014740592938;-0.04025241631903634;-0.271004715438376;-0.22484264233170495
-0.0723774519837111;-0.23465674881999188;-0.2517230092307759;-0.1532553549725892;-0.03796296786998858;-0.012701659866603498;-0.2827560203509038;-0.2257199688891369
0.02238333320484145;-0.04789691765645314;-0.44688950016129203;-0.1860228799946476;-0.18312966853353663;-0.1570616898058853;-0.2577745827078781;-0.4248730974261862
-0.01724076165056333;-0.05321242222537246;-0.07881118593771096;-0.10972775324112975;-0.15054892320729044;-0.13865281926004625;-0.2618279226624398;-0.049276100857921924
-0.09673163489892621;-0.29333823179909335;-0.32318264781106143;-0.22510386519985226;-0.15393123999430602;-0.14869550781727653;-0.30607336021374515;-0.2986393031433835
-0.11908808070638563;-0.26688726858709;-0.27480437328863766;-0.1619245925264899;-0.18747731939679177;-0.16236786783931323;-0.309185825417214;-0.24927281262327117
-0.7007888058355668;-0.42154313961612394;-0.5264507636616007;-0.18664581338578787;-0.1831826904061965;-0.1589339493317285;-0.2781015717165826;-0.5060595473177721
0.8407051525850547;0.8203865350220999;0.8341923407636702;9.692128523222598;9.403620219615881;9.279362755800873;4.040493816102595;1.1017088558345132
-0.101971335940298;-0.19811788182149756;-0.21594358815540848;-0.09571201050725983;-0.10778093390631575;-0.12229629917082815;-0.27238377551992965;-0.1621137934753216
-0.41823442809546985;-0.39700834408409086;-0.4986846366471285;-1.3770685935457467;0.4681272016272137;0.5177564649182695;-0.2430968786046064;-0.4777262456535129
-0.05729696222958211;-0.18179700894018297;-0.08132434305575895;-0.13987189431926508;-0.1546845438467579;-0.13380964571493467;-0.28311888320897244;-0.05184059387195373
0.2357571395254399;0.2889204512185623;0.17250452586708795;-0.03449836489417532;-0.06747110840975416;-0.05854227804714401;-0.2553569369311085;0.20717320054525917
0.27032559741456075;0.9785860757637467;2.9935233908759558;4.268292366615948;7.325070327572885;7.5187825036238225;2.668115098375192;1.6618481194256718
0.5468732605275275;0.7486694098858867;0.860646626216807;12.216046845656116;13.422957742282033;13.326096789295743;7.162811367281561;1.1118318545741124
-0.10994356555137387;-0.2553698146892957;-0.25704666302179374;-0.16102654908920377;-0.188465177577559;-0.1624246869035459;-0.30936593101003695;-0.2311523681840896
-0.04809874497523962;-0.16683729334471833;-0.18099086350045154;-0.14293109383999805;-0.1642899705404677;-0.16028136282826108;-0.302479652528562;-0.15354298787579423
0.4697375363151505;0.5841516241689749;0.6953073421347025;0.5755154511698789;2.7455485081739592;3.086048776591896;0.4788989494184725;0.6090562505073495
-0.09938780606621049;-0.7365922516850887;-0.5339902350157448;-0.3518842842704855;-0.04477890455187495;-0.02471401710127047;-0.22330005673605574;-0.5137530263598676
-0.10314337950502864;-0.24111129008225105;-0.24646521999696494;-0.12804057743728764;-0.011130829062011445;-0.006101344983955533;-0.17841424188054772;-0.22035477955714927
-0.31900404068617044;-0.4331866258147091;-0.2389588164996374;-0.14007483161459933;0.05680202348864101;0.09565636013900966;-0.27537952571581653;-0.21269504384418586
-0.07570466605553895;-0.25996867533865536;-0.2210691059619537;-0.15726205604782467;-0.18201564212178528;-0.15879595533795446;-0.30481150334852347;-0.19443990278377518
-0.07927878533783989;-0.2254480168332369;-0.2090709136000392;-0.14698608493263443;-0.17912707751098006;-0.15622549070946726;-0.2861835489200072;-0.1821966250865023
0.3355735616802763;0.4229471021348854;0.8602498119350099;0.6377368966872514;1.2541408029496746;1.1348546856483976;0.5563246416972709;0.9785794478318541
-0.10793104610681332;-0.24337248885125165;-0.2118762417669887;-0.13129506096669644;-0.18228951222736792;-0.16177977528022183;-0.2778824281724209;-0.1850592572850799
-0.9142058227285266;-0.6615845761014494;-0.4213153256376814;-0.18366798793288547;-0.18397834761737927;-0.15481549931706842;-0.30746573604396954;-0.398776522948435
-0.24121721524839454;-0.2769276661061599;-0.27229121617058966;-0.21890544907323098;-0.13576707490744203;-0.11423557852682638;-0.29605887009254883;-0.2294317350936566
-0.19793797264539673;-0.3741049528400387;-0.4323065753052505;-1.4921461339987918;-0.08576324218438706;-0.13138546648897326;0.4325432678892319;-0.3357569651885808
-0.16152086276528146;-0.28646182509485646;-0.24547318429247234;-0.15286338414138734;-0.14411782571571613;-0.1473154394198985;-0.2829906076547166;-0.21731787993526952
0.09316225073281639;0.06524739388197263;0.14307413330047333;0.2759729887373911;-0.028470096116182095;-0.04868189348718172;-0.05949896200794764;0.13664964265938437
-0.10872881697797845;-0.25173863320939893;-0.24778793426962178;-0.14988983706164682;-0.12303527601916381;-0.11209356934557664;-0.29163415888376976;-0.2217045127224292
-0.09998900772264636;-0.24752364480031247;-0.2550628627692344;-0.16029834261684892;-0.18088569482767808;-0.15812893799661315;-0.30331969652133584;-0.22912804513146867
-0.10024827115681476;-0.21862586202483833;-0.2281456273206678;0.01561314650250099;0.31567640882624126;0.09372699947008215;0.5693027709675083;-0.2187688430879454
-0.09510621304580805;-0.2257132014500641;-0.16958245289878635;-0.12303995092508249;-0.038515737977600294;-0.013360577559826288;-0.2793176664022738;-0.11679650245104893
-0.10992547760578339;-0.2553689920516838;-0.2570469209510769;-0.16102666682839142;-0.18845717934722103;-0.16241962927111295;-0.30936425993056366;-0.23115263138205683
-0.06667365643200614;-0.26064366004581974;-0.25750988417364956;-0.16119364264812217;-0.17468840499255311;-0.15546237901118937;-0.2934621819130254;-0.23162505148723647
-0.3864751024787354;-0.2427143787617664;0.21582341829659932;-0.074348061563277;-0.13817396137165225;-0.1491069730616319;-0.13492691641723725;0.25137696170817586
0.28683203605661595;0.2801456500254256;0.3195242172728953;-0.0345026902462326;-0.16358306644136844;-0.15931449882032372;-0.19199511803808303;0.4387874117072901
0.6290518227346551;0.615866168751299;0.46720526581503113;0.39635568258562787;1.1338439246544905;1.2751073750131787;0.18187451527326384;0.3392108474387654
0.3185485961698843;0.17252777577690806;0.08272529461050518;0.21215150721449288;0.5632360172330724;0.6283309197893346;-0.046875192515950063;0.0992282906519991
-0.12781661632338864;-0.27574644286862227;-0.27159679117744484;-0.16900967111604545;-0.1829461169925043;-0.1594610797977111;-0.30810132740868884;-0.24599970969746743
-0.14939697432489388;-0.23929726868174683;-0.26508242338460997;-0.20049157363320544;-0.0664659639388391;-0.10717923430618846;-0.2766738293086796;-0.22372911247034902
-0.22041687289387113;-0.658842450728594;-0.3373356905284896;-0.25795576092690986;-0.06650005937258152;-0.058266203432485605;-0.27418447858215317;-0.3130814480118784
-0.10992757763960016;-0.25536938016789046;-0.2570457238946602;-0.16102441988440455;-0.18846485867797239;-0.1624244325084758;-0.3093651112102785;-0.23115061015664184
-2.313666629797223;-1.533622631213604;-0.4786015748482398;-0.17526668578748963;-0.17182033508251607;-0.14681016328368662;-0.2579413080031105;-0.45723295006377185
-0.08484597930713873;-0.20948971198737562;-0.1777171456756259;-0.13322479955485786;-0.0793464813678574;-0.060510887887389314;-0.285204853164853;-0.20847712770268617
-0.06533222742361881;-0.06974954755089928;-0.22497111306629136;-0.14089559634623527;-0.16702576559126123;-0.15266499819098936;-0.22877235169338847;-0.1984216156213509
0.6682517582907032;1.0124618707545578;1.2021053157031691;9.797325750636533;14.348842580028052;14.863440793481244;5.267291061134754;1.7594675706045404
-0.11468060232552273;0.39759298907202417;0.8140870838192864;-0.07020399727699465;-0.1771194113017148;-0.15487960238906476;-0.07466741084552442;0.8618612723642748
0.1463112547373397;0.10279341821799017;-0.018958365099989112;0.12375550443847397;0.07354453375297476;-0.08244501878484067;0.2850472417397191;0.011799324870993574
-0.056282334779964055;-0.17871739121374555;-0.2114463596283752;-0.15160814203847459;-0.12855706898565247;-0.11809297200627064;-0.29161300346638436;-0.18462059400636394
-2.2154057882473968;-0.24263000567337084;-0.21551370601679498;-0.09665423245210149;-0.06105927376260284;-0.024827244296471;-0.13314875236342366;-0.20702616455001027
0.23886830073546075;0.4385139369438634;0.41161819850662756;1.0584791235086661;2.049568057682004;2.0951949320984666;0.6075969497506476;0.45117121349873324
-0.03811146810112003;-0.16315055640476753;-0.1932259705225273;0.19479565180398853;0.984808866627241;0.9710556870040696;0.12031780505040862;-0.16602801965463332
-0.011730177852115152;-0.09084281964978551;-0.07186693600626257;0.32597756069964823;1.6727970048102891;1.7154438877691676;0.21389449010130324;0.008424991957793823
-0.09886553284124994;-0.22486947056610865;-0.24424967359026473;-0.15746559981800065;-0.1818636875865143;-0.15875298794074366;-0.27371489058850706;-0.21809397650530543
-0.10616811957032671;-0.12653263604110102;-0.24801940926733673;-0.15705935423788026;-0.1828227568078979;-0.16191463014481106;-0.2922078605241823;-0.22194071602635315
-0.21298465444771014;-0.1342527736292934;-0.14491383171373637;-0.14180198717426476;-0.17821271529013477;-0.15761959288103153;-0.24061187569856163;-0.11672901579278495
-0.4379821047335255;-0.7531715635548133;-0.16485374937403816;-0.15158619388404734;-0.18336483671926893;-0.15604857143937545;-0.2871732942421777;-0.13707624325937945
-0.043239124128358716;-0.1829360456335228;-0.19286222409754666;-0.148473645560088;-0.1788606405016638;-0.15952424470067375;-0.29752868789636056;-0.16565684303418135
0.6138496476876992;0.7101109084891227;3.5840822457604165;-0.01584374298823966;-0.16454419651458171;-0.14682249069977946;-0.2669469318126325;0.5452476151187422
-0.10996460045799941;-0.2551362067008005;-0.2568114910376867;-0.1610189798226976;-0.18846330336119285;-0.16242416779736693;-0.30935009567491084;-0.23091239237596867
-0.10992538254252421;-0.2553676252076518;-0.2570446822571704;-0.1610046749938278;-0.18844066561384323;-0.16239921272815494;-0.3093386993247006;-0.2311503469586746
0.11562539208555057;0.05550230217228718;0.08203086961736036;0.8694259803668929;2.042076233416548;2.18795758529184;0.5546891836174996;0.18608361983776073
-0.10992721467079232;-0.25536696709756235;-0.25704660349965147;-0.1610234134767536;-0.18845754447442492;-0.16242367825754223;-0.3093658185885834;-0.23115230744609716
-0.8401861122734465;-1.0653519906183295;-0.7100765725631861;-0.19356273154627973;-0.17482247970322282;-0.15248642414494917;-0.2582001057486319;-0.6934362539877544
-0.10992550353212682;-0.255365406195427;-0.257046868042506;-0.1610262910811605;-0.18839795182405036;-0.16237704357032337;-0.30922248642077566;-0.23115170006617278
-0.12877004463937125;-0.11024367306181761;-0.25645171275552403;-0.1600648811818727;-0.17006955241269803;-0.15486919863301335;-0.2964917105357602;-0.2305452649550125
-0.04891411119147031;0.016690681510336498;0.1276645120240212;0.42750278539489994;0.28576049994672587;0.07029768488788127;0.1879656336212093;0.08272780270645233
-0.08054425016001587;-0.22794908829254604;-0.21994479883019538;-0.107532542249911;0.1569974768288949;0.18350437975842565;-0.15024344122944178;-0.21819520649270144
-0.10987688299610576;-0.2550395995145876;-0.25674370193121304;-0.16096869060638597;-0.18846247211424547;-0.1624231668038346;-0.3093163855006328;-0.23084321855124806
-0.25894483219701253;-0.3709384603631348;-0.23409784154762353;-0.15701398410066753;-0.14425223735299017;-0.138872709875735;-0.30214405841832526;-0.18647647710862378
-0.15750227953567117;-0.2650732471865858;-0.26657047694134883;-0.19331025555214248;-0.15824572282974644;-0.13704812551731926;-0.3019078814243327;-0.24087072366940376
-0.12263134764002052;-0.2669716416754856;-0.2678601233571893;-0.18832311311032257;-0.18822265627898366;-0.11156920500068426;-0.30704139941049147;-0.24218671350555165
0.8195845464313604;1.1288562463139433;1.0017118514746093;0.5877613503214665;1.3376054485696798;1.3032663153629673;0.3287053090459933;0.748925693723396
0.36970991384578317;0.5461739977365788;0.5068205582811033;0.2694090919751917;-0.03407081406337395;-0.052305992604327625;-0.06430091842696305;0.5483182580697539
-0.055899908251393945;-0.09617687786084302;-0.15691746373809712;-0.1545888571859123;-0.18594354426857465;-0.1607693203017494;-0.24201590828294925;-0.12897784426770004
-0.049907954355782526;-0.1772830487110213;-0.19167178125215553;-0.13950883248339296;-0.1653109426980263;-0.14749978408415723;-0.1450224530364596;-0.16444208318542944
-0.16648838905346325;-0.3238391032540829;-0.1933913098066094;0.3187736507446384;0.011487604632110517;-0.15458570181098014;-0.13355349104326644;-0.2758288126501532
0.5832966618669786;0.5039874535388064;0.3084134173825779;-0.05205947849275483;-0.1427980402409752;-0.14143306093252336;-0.10787492977660915;0.6529225783789462
-0.10991447619406018;-0.2554437466080023;-0.25705718521383275;-0.16103735344952194;-0.1884626709679894;-0.16242252861460962;-0.30936085257485973;-0.2311458962135621
-0.1099488285990875;-0.25536076567556526;-0.25703655087117927;-0.16089436841485488;-0.18843268158255072;-0.16241034360980136;-0.30927746257677147;-0.2311525436494011
-0.6803069945362626;-0.47052171742973775;-0.34312256547136327;-0.20391761726304072;-0.175013475530627;-0.14513183766592636;-0.29839173320863416;-0.318986530609978
-0.2316516217078354;-0.3097909840362247;-0.19365585266114077;-0.10631988838566149;7.305757822911426E-4;0.02952389577101713;-0.2728466112902327;-0.2094894275766461
-0.2580964919930128;-0.44318483678958126;-0.2552282020533165;-0.15679913842186446;-0.09928410188806054;-0.07458237695237548;-0.08711414712852131;-0.22929676177712863
-0.1098842287934072;-0.25520159584430707;-0.2568154591805047;-0.16049978717074628;-0.18843664022420104;-0.1624079206340698;-0.30913783995984884;-0.2310176715628605
-0.07760593123944061;-0.18420164195945596;-0.18892714913639258;-0.13169699546253338;-0.180624010108327;-0.16127363468955844;-0.2544918533500393;-0.16164138686747362
-0.10773666334704557;-0.25461098422553824;-0.2663390019436339;-0.18365311160259887;-0.15757026330429313;-0.15355127145304578;-0.29671252899161177;-0.2406345203654798
-0.3951172169510156;-0.3759394853383319;-0.22688904876164376;-0.12792838252847477;-0.16094932199556022;-0.13558092054469284;-0.04209282643598909;-0.1920778697445354
-0.10495822354420749;-0.2538516264299783;-0.25536047348058216;-0.1542516585714947;0.06643420950635359;0.06249177448241265;0.2803332800496756;-0.2260236588513249
-0.29141184328365305;-0.1878718713046622;-0.05533300759805211;-0.13039382767126478;-0.17616290735695034;-0.15445014143651847;-0.22552645456941983;0.1062806464405866
-0.37749594554203625;0.2274158447017458;0.02634459873850754;-0.10705192674832681;-0.16643214710411677;-0.14299418094678917;0.1580244453118868;-0.075393437606088
1.2123160748931037;1.0692871457889574;0.969770553710996;-0.10764270815826565;-0.17592905744984452;-0.16097212299447886;-0.01084708815488037;0.6394252467261472
-0.18049030403193653;-0.29789437857245277;-0.48465299264564476;-0.6801932897265799;-0.041811178769480595;0.01624416372925744;-0.196636341953819;-0.46340797929492733
-0.05941428027529076;-0.20634957766328654;8.16213276230604E-4;-0.08586924188198962;-0.1297392592186823;-0.13705636662016238;-0.2456896897448744;0.031977835691928094
-0.11530745377771233;-0.2512046274956347;-0.24467493284249528;-0.1582859528048609;-0.18715381160549666;-0.16154170511178706;-0.28878631009627387;-0.21852792246660876
-0.11327681614016065;-0.2289001797128304;-0.2188281601344328;-0.15877348591831736;-0.1879783669110417;-0.16201968413388973;-0.3022051846940955;-0.19215318148082508
0.6160101763057693;0.35211589442682545;0.536581629415882;0.06889629410347592;-0.14610605463218565;-0.15437161558614998;-0.032699625035603426;0.3796016124097664
-0.057469804519027716;-0.2544000515045494;-0.27007566976388947;-0.16617377123378765;-0.18165129594142806;-0.161739787250074;-0.30760381393495;-0.2444475165573955
-0.38917161503637626;-0.3781753721808138;-0.3097240300867781;-0.17092752724228888;-0.18410162585630693;-0.1572518978283082;-0.3032331603159291;-0.2849057681866605
-0.062395809768227437;-0.19209052572443944;-0.20413836327194618;-0.11447278814272277;-0.17540363107187293;-0.15740721641461608;-0.22802575091311303;-0.14679432204939472
0.40082152594599196;0.33511471711512314;0.12541589776050455;-0.15245638785388252;-0.1829217056100683;-0.160372458634135;-0.2689916993354642;0.15912269986129468
0.3999573144987639;0.31836665906860745;0.2984930603376516;0.06016323926031594;-0.054319570254493514;-0.10526163278016053;-0.09248452724292068;0.40322194280216467
0.00900019794364067;-0.19322956241777928;-0.27430835543639137;-0.182641352600905;-0.05616913516776158;-0.0390200064220916;0.1613227656829922;-0.2487666626862912
-1.2239392054150493;-1.1804790697340506;-0.7676477112805749;-0.5601033768965296;-0.14938182571891975;-0.05732852838143395;-0.12567430610278946;-0.752183390006562
-0.01353760263601954;0.16476545164451792;0.1849380400300622;0.0954949743133646;-0.1430615172354423;-0.15409358024388492;5.513425924247295E-4;0.29689671270724055
-0.23709615382537194;-0.28987893517487606;-0.2768215125544394;-0.17397455089054054;-0.18185616915409264;-0.1435088135895257;-0.24254287462635235;-0.251331155700323
-0.1382217696796436;-0.27315277194479903;-0.23878079569246619;-0.04966904816285668;-0.13914878913062317;-0.12696552196099856;-0.09552364449024747;-0.21251338663180375
0.9011999538910163;0.6769522847496735;0.3348677028357146;0.5472805603216532;0.10225630250649412;-0.045689272988502824;2.4537722802126036;0.2446282958817764
-0.08227267305447193;-0.09885826304736227;-0.23621418438387448;-0.07064391169349325;-0.13860750269158376;-0.13089395478078503;0.09112104708166488;-0.20854461436095015
-0.05155581113807074;-0.05614224397067241;-0.07970401807175431;-0.10318948869074199;-0.1180925998667756;-0.10069505581389299;0.4412068382480253;-0.10724714030669365
-0.6243925139006097;-0.32413440906346724;-0.2919996588331766;-0.1631121628388933;-0.1879202486267176;-0.16188574838035996;-0.30685561165366837;-0.2668193437719099
-0.10994472359471318;-0.2554547151094937;-0.2570733884636728;-0.16102832534541062;-0.18846444848740113;-0.16242432145357807;-0.30936010590328844;-0.23117963954269408
0.19686762440017894;0.14118317343796308;0.07363163398598943;0.2894512663391908;0.11819824639930902;0.019043406960061827;0.13409590407094618;0.1062806464405866
-0.25550385765132877;-0.33046239069313316;-0.346164808298474;-0.1690497112735447;-0.18326886527306055;-0.15776704585970389;-0.3037731134786043;-0.25807982152672254
-0.10993001471588135;-0.25536976406544265;-0.25703614082975473;-0.16101784084717438;-0.1884646091418112;-0.16242449998966535;-0.30936163891180873;-0.2311478904443138
-0.12023597388222348;-0.2598900185269986;-0.2626121784243526;-0.16365219912650916;-0.18722493860765857;-0.160630868137998;-0.3002792510458084;-0.23683156956264664
-0.6587017083555621;-0.8080140710119176;-0.6935426441549757;-0.2628941863115152;-0.14131467835582687;-0.12460464924792183;-0.29332445590057593;-0.6765645894217557
0.22205540407210403;0.20868164415439905;0.25219806079466234;-0.0720531044022147;-0.1649905600182196;-0.14833078742840503;-0.2586416260794179;0.49770326437175766
-0.3040725409855436;-0.26588322883518306;-0.2608199766409733;-0.16416973782474886;-0.1872984150614313;-0.1606334103031646;-0.304953266952515;-0.23500275873334942
-0.034361987353004844;-0.192723323887406;-0.2074451489535883;-0.13602596099759037;-0.17547671833239334;-0.15715825666103853;-0.18510319932765976;-0.18053765118139223
-0.10501649300103684;-0.2523542572302226;-0.2570845653992767;-0.22119163252211968;-0.1301793149305017;-0.12129533670491094;-0.014503829031530193;-0.23119104478794072
-0.13942297605966097;-0.2869680636252297;-0.2884613981538195;-0.16540150409005877;-0.1865604066522519;-0.16062824150794267;-0.3059392353782419;-0.26017190793290634
-0.1216375044757083;-0.24937985274501445;-0.2519544842284908;-0.15902972675823293;-0.18178416470781164;-0.15983099520279334;-0.29124055049515024;-0.22595617219306086
-0.07968003871278787;-0.250012650907981;-0.28859366958108523;-0.1849352130905165;-0.06916478572886181;-0.0749081367683499;-0.15637144243917775;-0.1744638519376327
-0.04826595260604929;3.5031976267352425;-0.2470273735628441;-0.1599999617062993;-0.17140774966576602;-0.1607986805688862;-0.07281651501601029;-3.310737578111141
-0.24033694675247702;-0.3986780326609312;-0.2216973952414657;-0.1468724610898372;-0.1711155357700698;-0.14522375205367052;-0.27159290010747;-0.19508102603728317
0.5598364322359478;0.7360134466265549;0.6953073421347025;-0.10534361051328195;-0.17892838948792747;-0.1597791887724997;-0.2715279553709873;0.7406552341221397
0.010889320956708769;-0.19280769697580158;-0.1735175278599404;0.13341192932288715;-0.14014198646099596;-0.1546647562023731;-0.21547169565319413;-0.14645688875807475
-0.09091478752675214;-0.11628130580104232;-0.25450070920335527;-0.15968179538229582;-0.18018682833044833;-0.1607831520147877;-0.21519339358825187;-0.2285544085362247
-0.019185237406826375;-0.09928012848934001;-0.12477550691253601;-0.0696214850577628;-0.13828239959655073;-0.1497582755050326;0.10178269446137969;-0.09617932835139846
-0.10621133014268812;-0.24925329311242114;-0.2539716234942925;-0.15783143812415198;-0.11416878048948564;-0.10517179431792745;-0.2874727105736804;-0.2280145152701127
-0.009765332632040944;0.02031872431134493;0.04360601999667925;0.15090725677834835;-0.05044141835218462;-0.10551886311482472;-0.25405603660027654;0.07564170358873287
-0.10993919264145091;-0.25537021546146554;-0.2570345998676271;-0.1610197894205985;-0.18845396328321706;-0.1624134059377326;-0.30929089113847474;-0.23113651556806342
-0.10874262275584794;-0.2542136038538129;-0.25688312262912244;-0.16093400336196587;-0.1883269447459488;-0.16228437551620672;-0.30736200998429636;-0.2309854871755344
-0.49795837917115016;-0.3357778952620525;-0.2932562373922005;-0.17208712060464468;-0.1785811690076453;-0.15570282233992272;-0.27419740353112143;-0.26810159027892577
-0.09256752278265995;0.05681008504241814;0.020723063079715977;-0.06568563151482522;-0.1688907055663012;-0.1513661788713293;-0.11960606404909085;0.20751063383657914
0.08439050454345197;0.03402935117562098;0.1194636835335488;0.13088249777223251;-0.07642137994272137;-0.10028458763195196;0.1587243216653443;0.03619575183342778
-0.11040275566174401;-0.2546953573139338;-0.25450070920335527;-0.1608840322013677;-0.18841802323915152;-0.1623950642652973;-0.30907698299187375;-0.22916178846060062
1.136697573260652;1.2494236895134458;1.0791590240597162;0.0197906764779144;-0.07475100159775436;-0.12219052945983563;-0.16276913124888032;1.713947819605476
0.5166258598745468;0.2972733869697212;0.1827555614801784;-0.12489589327882432;-0.17380704453214002;-0.1571966658642053;-0.21621920485752505;0.21763363257617838
-0.09229752584231699;-0.212382253483568;-0.25582342347601206;-0.16020428667283;-0.17809630777850732;-0.15137711575429658;-0.17405097752220008;-0.22990414170150458
-0.327924776929037;-0.3298717790743643;-0.22143285238693433;-0.14989953183146304;-0.18052510885309705;-0.15743752309812806;-0.2505502818817475;-0.19481107940422718
-0.1833854123801504;-0.2258397610826574;-0.22397907736179873;-0.15801874677815098;-0.17574612778419363;-0.15798268838586513;-0.2028438313775995;-0.19740931574739098
0.15053803946775893;0.007029962889046636;0.0471773485328527;-0.1160239804978298;-0.1767487130752961;-0.15901851426346317;-0.2694154169348186;0.19063896927058038
-0.040101440269022404;-0.19409968098513047;-0.20648618110591208;-0.13609518045830102;-0.17437759086987967;-0.16032766377539512;-0.27861774145978874;-0.1795590946365643
0.03755024410369323;-0.19251239116641716;-0.08575543586915935;-0.06958036546276064;-0.12399864199711369;-0.121681635111371;0.28855512658683546;0.0014738661566023282
-0.13381914816711413;-0.2749417893805572;-0.27568542334529733;-0.2203620502561902;-0.11613831162243371;-0.13935787325453167;-0.2594541803878648;-0.25017185976166534
-0.18260565167554552;1.0389252494665189;-0.3247037692246168;-0.1775011152687381;-0.161151572992053;-0.1441421156697802;-0.3019108057199258;-0.3001914962834554
0.050297362950306526;0.1498736015427042;0.03854663790376685;1.155770251318938;0.1359739323808491;-0.12294601753971901;0.16953368236134003;-0.23894735390887992
-0.38069044698297055;-0.26963654879784116;-0.16197684583100955;-0.14596127401806552;-0.18250095862838372;-0.1576865477181791;-0.24788942744096917;-0.13414057362489565
-0.10990501307871305;-0.25536068130247686;-0.25703803892473603;-0.16101057052132448;-0.18845671204592915;-0.16241889250120983;-0.3093444250657216;-0.23114333172054807
-0.16839134377074425;-0.8451382299059573;-0.31980972641578653;-0.16918843855725244;-0.18820744338100667;-0.1620207033754947;-0.30927188358107616;-0.29519748357191977
0.9746579269053981;1.0650684913691801;0.7779769841757547;0.043974497616984444;-0.11257138601255862;-0.1342368425882194;1.0524620140505268;0.6259279150733482
0.05427273560755543;0.013273571430316948;-0.04584253269173932;0.08396696354616218;-0.06401121997755148;-0.07733293316270111;2.0944049111041325;-0.05454006020251352
-0.0489932859232081;-0.1034625741982323;-0.13974935005150432;-0.11651841315786912;-0.1783790701698925;-0.15839510690977482;-0.16178470580120247;-0.09405448729562617
-0.10993308698757624;-0.25536657898135573;-0.2570176195231519;-0.16099313367313145;-0.18845936069676186;-0.16242211709376184;-0.3093308419573841;-0.231122731418113
0.21315801018042713;-0.6663938421399954;-0.45684292506303475;-0.2292522139408846;-0.18193414791159307;-0.1512675774346506;-0.30701920268340493;-0.43502983949491747
0.041309563899135114;0.25508684277194876;0.09016556239419989;0.10732459803554785;0.44830020279024974;0.36860123768494363;1.10661476621624;0.0995319806141871
-0.2531830869467137;0.1914695341217079;0.3890659201578284;0.010500999823560115;-0.12554594643221387;-0.1216288037238993;-0.07474777309075589;0.4281582630307108
-0.5204278767990786;-0.5717694235043916;-0.3198758621294194;-0.179759756448865;-0.16057773026548405;-0.13858279023522602;-0.024757403357972652;-0.2952649702301838
0.5061689013630878;0.7957917797547984;-0.09699850718674245;-0.13201901919373293;-0.094510587462297;-0.09450581315272977;0.21978182821870337;-0.06783493188052055
-0.13598341449969345;-0.24018318610990005;-0.20119532401528473;-0.12232863100125083;-0.17667961884320638;-0.16176335885878487;-0.288139866185028;-0.19686942248127903
-0.06935271191841301;-0.38682361374135715;-0.46970632136462254;-0.18392746455572906;-0.18580737072253553;-0.16112763211501077;-0.2972102985981823;-0.4481559945272645
-0.10975027601908686;-0.25511722275591153;-0.25682537953754964;-0.16101891752554368;-0.18846205893185022;-0.1624222195051006;-0.30929033620212165;-0.23092656457420413
-0.11091948497027058;-0.24972055549461009;-0.23601577724297595;-0.15684350002530134;-0.18297262911920328;-0.16155385749859807;-0.3068216467804208;-0.20969188755143808
-0.10993132831728114;-0.2553631703085845;-0.25704521464966523;-0.16102601703115382;-0.188464023264394;-0.16242402691609137;-0.3093433590610359;-0.23115089022627364
-0.13118704096757794;-0.2612342716645885;-0.24596920214471865;0.0963889626847059;0.15073592993341506;0.10292486570616037;0.2349560357690864;-0.2322324314116124
-0.09363705358552041;-0.22550226872907525;-0.2359165736725267;-0.15901611237549731;-0.1872772467154008;-0.16237772636406964;-0.3088602293778457;-0.20959065756404208
-0.11567444548983494;-0.2627108007115106;-0.2628007412642769;-0.1652602287769494;-0.17838274866031995;-0.15973668922472364;-0.30815557441222735;-0.23702398414835604
-0.1495515342211734;-0.2870102501694275;-0.15056843522934432;-0.0948304783056824;-0.17309710652818963;-0.15338830883488913;-0.18330192628052677;-0.12249912507435651
-0.10651380414921792;-0.22149454703028684;-0.25661705203960616;-0.16097647092816303;-0.18047898006457236;-0.15635492059723716;-0.2554673865680262;-0.23071398160067255
-0.10985843208170745;-0.25512076642562415;-0.25666334703914917;-0.16086214825276923;-0.18845718805350525;-0.16241982983275602;-0.30922450614989333;-0.23076122226145732
17.066275074291152;12.033569982790022;4.521258375794601;0.5113364710504323;0.4576741813654957;0.10269861853344155;5.748844377645314;4.644758414694252
-0.10993046410583389;-0.2553488268835573;-0.2570310616069478;-0.16101259073404145;-0.18845677047002687;-0.16242147668095303;-0.30932044359378047;-0.23113644808140513
-0.11030133612735457;-0.25604819541326795;-0.25657918934355134;-0.16012259219361688;-0.18841993599443219;-0.16235767084853603;-0.3092643435572505;-0.23114343295053547
0.28739377349731415;-0.15834129036622147;-0.4289997896236084;-0.20490108253537412;-0.04972744642938541;-0.060626162445094736;0.5249311252019951;-0.4066179563657755
-0.10997929205260229;-0.2553893259659871;-0.25704660349965147;-0.16102585260985747;-0.18846257551443027;-0.1624185274880569;-0.3093547859907992;-0.23115230744609716
-0.560808156670808;-0.3691137024871323;-0.22774219946750746;-0.1588502201872263;-0.17999537756762052;-0.15729176991657967;-0.2940427515757064;-0.20124930660261228
-0.07950719642334227;-0.20643395075168208;-0.2185559488439057;-0.0581773533242083;-0.13500601604539644;-0.12809632239025456;0.20135010602850062;-0.19187540976974338
-0.17151834165553556;-0.33223007017483613;-0.3860115757622612;-9.73249797587558;0.8272378459965068;-0.02002108917916314;0.2420786041459698;-0.5179709425013673
-0.07985288100223346;-0.20428243699759568;-0.19868216689723675;-0.14276583876623028;-0.17546892136416684;-0.15721964604938932;-0.29137015490936125;-0.1715956689614129
-0.10256003677814973;-0.2521219781178697;-0.25281424850571776;-0.15663054808235558;-0.14734279522458807;-0.1360754933635293;-0.22884182968921055;-0.2268334987504928
-0.1099295307574709;-0.25537066263883407;-0.2570370138211747;-0.16102490264925154;-0.1884649752676248;-0.16242463057236872;-0.30936399053700886;-0.2311425218806489
-0.10992380967769025;-0.2553770074950814;-0.25704637202465375;-0.1610260729552543;-0.18846452246098436;-0.16242418142448523;-0.3093643812303986;-0.23115207124279324
-0.1377982585388723;-0.2436424827341174;-0.24385285930846773;-0.15350504179194363;-0.13164238384160037;-0.15584737630756193;-0.3065948823332761;-0.21768905655572152
-0.2395591564499718;-0.24693303318154367;-0.21534836673271288;-0.14273236685159255;-0.17354244946318664;-0.15471570816444116;-0.28241303040512095;-0.18860230684393964
-0.11001584387576278;-0.19960219850447852;-0.18112313492771723;-0.12655421430870878;-0.18323978730733448;-0.16227940459873577;-0.2913239868335659;-0.15367796119232222
-0.1790643551440103;-0.23111307910737897;-0.2359165736725267;-0.15091268408476616;-0.17579255206336458;-0.15323729915711148;-0.3033920411471958;-0.20959065756404208
-0.10997064993813001;-0.2554125285652959;-0.25709984274912595;-0.17481677839945306;-0.18652696616260292;-0.15945916250931985;-0.30907457116849607;-0.2312066342059997
0.027957497039462185;0.03242626249610565;-0.1887948777091269;-0.08880232484645174;-0.13307908662212478;-0.13733404722471587;-0.07119220303250112;-0.129382764217284
-0.07535898147664775;-0.23849572434198915;-0.597645859387355;-0.18172526231808614;-0.186810270429713;-0.16094003908421894;-0.3072013633732987;-0.5787089349389629
-1.3630340378463994;-1.225660858569865;-0.21075193463523037;-0.1467289496058329;-0.13804696250326715;-0.11085838791213203;-0.09379304909444798;-0.3391312981017805
-0.1097978076486844;-0.2552437823885048;-0.25682868632323125;-0.16101339297492115;-0.18846320303573474;-0.16242350706278907;-0.3093438749003251;-0.2309468105716833
0.016616238485684286;0.3222689481561367;0.08058885974445261;-0.0882128633580971;-0.16323476254197714;-0.1410268908079428;-0.1506984774728554;0.17039297179138185
-0.10992467388913747;-0.2553789480761145;-0.25704313137468576;-0.1610248151295799;-0.18846374823710524;-0.16242346223393736;-0.3093609308054779;-0.23114876439653834
0.20983079610859925;0.001967577585313927;-0.07848050736954675;1.3685602962602395;0.21125227328257087;0.06738676554690812;5.094283560403358;0.005050659044594071
-0.09271882892284063;-0.25009702399637657;-0.25641864489870764;-0.16059202351584456;-0.1825440867908971;-0.16119229584585715;-0.2643870849339833;-0.23051152162588054
-0.1059520667085197;-0.24098473044965776;-0.24229867003809594;-0.15932818266729565;-0.18652967116085709;-0.16122982237641686;-0.3057550897186547;-0.21610312008651764
-0.30310462416464823;-0.27625268139899556;-0.2696788554820924;-0.16652796504945314;-0.1815115771004072;-0.15993117556884456;-0.30517780413946827;-0.24404259660781152
0.05068625810155915;-0.07768061786008051;-0.07500838240382256;-0.09970506025743182;-0.1603830659328044;-0.14406429353473585;0.02679454657528082;-0.045395618007742215
-0.10990732052327713;-0.25534578945237507;-0.25697167173610547;-0.16095372839468078;-0.18845609572569577;-0.16242228457498417;-0.30932243862786496;-0.2311143799441528
-0.10991032365805625;-0.2554022434858205;-0.25703315149549855;-0.1610248971767172;-0.18846386327607573;-0.16242410042406027;-0.3093619369239927;-0.23113858065980625
-0.10993003200011028;-0.25537152324433565;-0.257039130164011;-0.16101855625410336;-0.18846411033312405;-0.16242385252662006;-0.3093570521550103;-0.23114468145371336
-0.10685685288319509;-0.2532551171323307;-0.2539385556374761;-0.1593191418422329;-0.18577833900735027;-0.16206956728346258;-0.30555241006087575;-0.22798077194098074
0.10612542244123671;-0.05709358429156754;-0.15453657804731483;-0.150982223252263;-0.11965148355148762;-0.13185437770683991;-0.2564900210415847;-0.1265483245701962
2.331469899053391;2.0606709344366108;1.042519838707122;0.948565478547982;0.6527865183744216;0.3369053505215285;2.8390819085366865;1.7900727701272623
-0.939570428704669;-0.542238842565951;-0.270274076904788;-0.16282615297836894;-0.1772116340383206;-0.15455275839237345;-0.2578559462320601;-0.2446499765321875
-0.07535898147664775;-0.21740245224310292;-0.22397907736179873;-0.1375357655094215;-0.17572098046475784;-0.1572069526914112;-0.26723258710102954;-0.19740931574739098
-0.04511158082366701;0.08115172104453285;0.052931155618909924;-0.11284726891280467;-0.1804768941106981;-0.1597205366846182;-0.2637397653920969;0.08515732240395614
0.08616213801026942;0.06254745505331519;-0.013932050863893146;-0.14373901311468218;-0.18216444797086573;-0.16176244391091862;-0.2567117801684259;-0.09688793826317041
-0.16329556850379384;-0.3100441033014113;-0.3043635023286243;-0.1726558233775224;-0.18662928447495028;-0.16220622559559858;-0.309044281838819;-0.2794357417053927
-0.13291546386203398;-0.2731308771283603;-0.2663390019436339;-0.17006367588508292;-0.1795949647282662;-0.15837850500242873;-0.29828913648711186;-0.2406345203654798
-0.10993219252872836;-0.2553749825409599;-0.2570482568924923;-0.1610268346159313;-0.1884646119076291;-0.1624243742666048;-0.30935515726616714;-0.23114319674723155
-0.8705631446435115;-0.5350249435081319;-0.47625375701427386;-0.22507121140382114;0.18379518651870638;0.16720151134054922;0.6223279767803499;-0.4548371736954
-0.14674284701768228;-0.25836558665914;-0.20162520615389817;-0.1259518438029093;0.008007879334279492;0.031897314266033455;-0.07490326032780026;-0.1010383677464061
-0.09976509917878404;-0.24012949529509955;-0.04729751839166183;-0.08666923665363255;-0.16340070756899794;-0.15197109183648325;-0.17289444784425112;-0.18104380111837218
-0.1098842287934072;-0.3065004335887984;-0.7142100546652387;-0.26466332332273507;-0.1772735878890693;-0.14992563024863112;-0.2537752779873116;-0.6976541701292541
-0.08270477877808594;-0.2258397610826574;-0.8517723390215496;-0.18858964718165455;-0.1771218668292709;-0.15156902762478508;-0.23945326117364638;-0.8380264193183636
-0.10989157459070865;-0.25529989049228785;-0.25698013710745043;-0.1609782435600404;-0.18844603248519254;-0.16242213949973494;-0.30930907595506957;-0.23105951329098415
3.0660496291972095;3.4275149664444386;2.137065899330654;1.377110753220985;1.127948943172021;0.5871011283818189;5.075768760027864;2.90022829856998
-0.10988638932202528;-0.2548252918700629;-0.2568319931089129;-0.16101642746219322;-0.18845907976966908;-0.16242126480335953;-0.3093208981814014;-0.23136320325317214
0.27806028986725156;0.7642362446948647;0.8021495875085584;-0.11018258217084523;-0.1601395414107138;-0.1546531445844502;-0.1323946606417232;0.709442654675042
-0.11002682368219982;-0.25532351495703864;-0.25675957450248493;-0.16091722315548798;-0.1884392053490738;-0.162405299936838;-0.30915575528401024;-0.2310750352223849
-0.10969518253932607;-0.2549644652793714;-0.25652862859047904;-0.16081930132879882;-0.18839508844352076;-0.16238991558738092;-0.30917190038414805;-0.23089886130098675
-0.10409401209697945;-0.2904273602494471;-0.24805247712415315;-0.14772404380488544;-0.002876260113650913;0.0226315365412;-0.2551659071685684;-0.22197445935548518
-0.29517116307909497;-0.26039054078063306;-0.24874690211729797;-0.1542359575122638;-0.12160755703983231;-0.13286229641020478;-0.262937567389806;-0.2226830692672571
-0.22517003585362524;-0.4579923138029993;-0.6374264911375093;-0.17911259582604025;-0.18620012747467465;-0.15991101344054734;-0.2956650525146578;-0.6193021598847558
-1.216118091817636;-0.7742648356536995;-0.343023361900914;-0.18207148339016904;-0.17251175008164477;-0.12742698710526293;-0.2772340231319796;-0.27164463983778553
2.01037213583582;1.7982284429822681;1.493697677110369;0.2846211652062594;-9.17061623350399E-4;-0.10941793146222466;0.48400876591632064;1.6868519263124817
-0.1664036574421198;-0.11602818653585567;0.0370585843470279;-0.12190873466061475;-0.17247417372329696;-0.1535328907515399;-0.27406289625055597;0.06896052442059734
-0.044290579948800396;-0.14619156563726302;-0.16263820296733797;-0.12458632610101027;-0.17760768224795803;-0.15990629818822683;-0.26174095130273956;-0.1348154402075356
-0.10992225409708524;-0.2553644359049105;-0.25704531385323565;-0.16102594769335768;-0.18846337896420215;-0.16242387253201085;-0.3093553205825863;-0.23115099145626103
-0.08374183251475957;-0.2350364277177718;-0.2667027483686146;-0.19083092464551377;-0.10706349209810193;-0.13355071858691356;-0.1792061458522674;-0.24100569698593177
0.06291485007983565;0.05259143062264089;-0.1555947494654403;-0.14941538424277742;-0.1831108166807255;-0.16026726026946897;-0.2727510759476615;-0.12762811110242014
-0.10976690776838875;-0.25491546560828565;-0.25669038001209654;-0.1608963126927414;-0.1884196790708478;-0.16241620818340086;-0.3089971838274882;-0.2307888074330227
-0.6798748888126487;4.985674976389165;1.6853920430751608;0.9814727647883073;0.6407615706589257;0.5480621286515788;1.962283333572632;1.654829506966216
-0.002376324758241358;0.03487308205957644;-0.11389618201993354;-0.08704530874000606;-0.13443286085228098;-0.13426563685876;-0.005396100152108631;0.006737825501193947
-0.10986651245873903;-0.2553108589937793;-0.2569341727864757;-0.1610192931992431;-0.18846382659761768;-0.16242467515606465;-0.30936637474894274;-0.23114522134697946
-0.109754597076323;-0.2535563206205939;-0.25350867349886264;-0.16073644340982968;-0.18844616336545333;-0.16241880190496572;-0.30918970432704984;-0.22966793839758062
-0.12243554757347931;-0.24700159053451945;-0.23786757722469554;-0.15094470458823947;-0.16300794017691886;-0.14329989511554903;-0.08379954965182271;-0.2029094783959066
-0.4600627072102014;-0.4537314728390244;-0.5200355994392151;-0.23364055291590408;-0.16227593117257683;-0.13245384978734076;-0.2621601267504766;-0.49951334146616466
-0.08032226016556641;-0.19854506698669863;-0.23862813793147317;-0.1599776012282776;-0.1875055481563604;-0.16230269582547466;-0.305516339266726;-0.21235761055286587
0.2314360822892998;-1.5715905209915992;1.0028384105274168;-0.1470883873541055;-0.17241603114325108;-0.14989181278736038;-0.1725166833041384;1.0544681950497166
-0.13123025153993934;-0.274312100365898;-0.36808879736776107;-0.34441938461779736;-0.1759862602264086;-0.15792340334913843;-0.30003748543899156;-0.3444627441046361
-0.1703358195270073;-0.4439441945851411;-0.25155766994669376;-0.1600903820083544;-0.1404672830211527;-0.146426065667157;-0.2478051533376823;-0.15496020769933813
-0.09588400334831326;-0.26519980681917915;-0.2163404024372055;-0.11246820754217177;-0.1570386545657923;-0.14994461237947182;-0.09240789773044804;-0.1820223576632001
0.2314360822892998;0.4786755270201429;0.14638091898211542;0.18240776910965814;0.05004239618035126;0.0019343495153850783;2.0701396049978573;0.03879398817659158
0.21155921900305533;-0.014696107372806211;-0.04154371130560459;0.04721025093939063;-0.09907812179087652;-0.13117154162797137;-0.19960501249666732;-0.01124736892616072
-0.09264321042120818;-0.23849572434198915;-0.24381979145165128;-0.17862878239912974;-0.18563906443640169;-0.1604669211654572;-0.30216090071945606;-0.2176553132265895
0.18839835221734436;0.683533385644526;0.9929180534824906;0.5033895046163365;0.47647241422128095;0.40326045858128207;0.4963781232598384;2.9272229618755783
-0.3778329880064552;-0.6392678942208276;-0.3198758621294194;-0.17192345227823874;-0.14408221006628938;-0.1332234501952507;-0.24248112040173234;-0.2952649702301838
-0.06451312781393609;-0.199030212244973;-0.1494110602407696;-0.13024691842626573;-0.17705735886886603;-0.1577487939113421;-0.2402172628700324;-0.12891035760943606
-0.09618647735484306;-0.025791168496820352;-0.3638230438384428;-0.20215722710951256;-0.03996573795969593;-0.06732304454075223;0.15738687753526512;-0.3401098546466085
-0.10992692083890027;-0.2553745606755179;-0.25704154411755853;-0.16102648545783993;-0.18846531711624329;-0.1624243405129338;-0.3093660375350176;-0.23114714471673994
-0.1704222406717301;-0.15834129036622147;-0.20413836327194618;-0.14531731623943817;-0.16805889538634214;-0.15981729295630642;-0.20144571636813538;-0.17716331826819248
-0.10901717841157503;-3.626075223423119;-0.7729055005143859;-0.2265592569829585;-0.17919174318252235;-0.14794243558968878;-0.3025438532493497;-0.7575485793385497
-0.10991966146274355;-0.25536274844314255;-0.25703569110690205;-0.16102367930235756;-0.18846311933998577;-0.16242354070510648;-0.3093643517667897;-0.23114117214748361
0.23865224787365377;0.15160324985481288;0.0017090454102739554;-0.13263708289597112;-0.1821902621304396;-0.1610727102924732;-0.25862151714209203;-0.050423374048409825
-0.12565608770531858;-0.2570999903332068;-0.25562501633511353;-0.15946712914916347;-0.1806889279115391;-0.16058675369352376;-0.27788300265837496;-0.22970168172671257
-0.11990908158125224;-0.2564250056260425;-0.267364105504943;-0.17651552772025722;-0.09281347500820215;-0.10539600182102878;-0.17588331520613618;-0.24168056356857173
0.2357571395254399;0.05681008504241814;-2.528808697466336;-0.39251208564451967;-0.1543473147193086;-0.13529174648944667;-0.13291768771299572;-2.5493193562476173
-0.30248946117228237;-0.24068942464027335;-0.254170030635191;-0.16084900693113996;-0.18715097971666642;-0.16232724570348434;-0.29168616527528934;-0.2282169752449047
-0.1099341110781412;-0.2553503877856926;-0.25701948785706197;-0.16101736326362942;-0.18846418405990326;-0.16242435060266497;-0.3093539824651581;-0.23113307374849196
0.142033408073561;0.031160666170172484;-0.01661054726602325;0.6570620829477442;0.01028311957207351;-0.11801123300208566;1.096484374098653;-0.029333793340911383
-0.007475172296886682;-0.2134369170885123;-0.26663661265498173;-0.16679035863323552;-0.1534541243412271;-0.1378860442935792;0.24864433471438993;-0.2409382103276678
0.07121127997322466;-0.37509575445437643;-0.5040638245968838;-0.17874927548264272;-0.1804565701310351;-0.15317001829830607;-0.15818682929552313;-0.4832153134954099
-0.10850149047784238;-0.1245920550080035;-0.13469586395746228;-0.15822254093134602;-0.18742833970428374;-0.16221610841572165;-0.30068918213329227;-0.10630232709099771
-0.12202639962696091;-0.2612764582087863;-0.26366050554150383;-0.16611928153595354;-0.1772148936659496;-0.15980204644325965;-0.3083485301918795;-0.237901310705788
-0.0932913690066292;-0.24511901178103945;-0.2501357521035877;-0.11802734165228511;0.044679022798484604;-0.10657873077438512;-0.2548554892973878;-0.224100289090801
-0.10992225409708524;-0.25536063911593265;-0.257043627392538;-0.1610220061774813;-0.18844235305649681;-0.16240222491345643;-0.3092576162391368;-0.23114927054647527
-0.1830829383736206;-0.3617226199436826;-0.2750027804295362;-0.18854778280363405;-0.16752575626159552;-0.15700216836446865;0.2866598731710825;-0.24147810359377975
-0.1376686268217881;-0.27287775786317375;-0.2664382055140832;-0.16294207591374912;-0.18310774007024136;-0.16012454551465635;-0.3067926778946906;-0.2407357503528758
-0.1697308715139477;-0.3707083538578081;-0.06270713966811396;-0.10464112584798241;-0.188464954894641;-0.1622910172721824;-0.30936638438084285;-0.03284309957063912
0.5727996039443681;-0.1077174373288945;0.3216405601091462;-0.07206979412018616;-0.07511386870012364;-0.09463114531420078;-0.14322441607036027;0.3593556149305679
1.363300711131188;1.101976840777722;0.03064342012464225;-0.10280209566486719;-0.10350675042317387;-0.10477719649382994;-0.09699438576647665;-0.8857732300401402
-6.003849509460873;0.035716812943531906;0.12323341921062078;-0.08623622023834569;-0.12025204770237079;-0.1395061202380297;-0.24894068095328273;-0.02869267008740344
1.2274397752195942;0.6769522847496735;0.5564223435057346;-0.14316661048602983;-0.1663208006425308;-0.142522476469275;-0.2009453723145989;0.5989332517677501
-0.6537757031063623;-0.3509228646290528;-0.3827047900806191;-0.8121857384037235;0.1753851794769958;0.10290890131055828;0.4036331851832901;-0.2287568685110167
-0.18787931190573612;0.6394484469578539;-0.14779073525676498;-0.15167249244497621;-0.18025368339559322;-0.16230250872557292;-0.30815063832142464;0.6860922709156997
-1.544518441764284;1.2253773593207156;1.6675023325374771;0.1735469801466316;-0.14651270254639062;-0.11778615853712979;0.2907432362664559;0.7743985632541373
-0.08382825365948236;-0.0646449757029688;-0.6026391057666346;-0.22645464288316403;-0.18122500468770442;-0.16242336715415878;-0.3093554518496343;-0.5838041776378945
0.3308203987205222;0.36055320326637996;0.24558448943137814;0.08966929522143945;-0.09787275610218385;-0.1496350586907344;-0.0865687838828113;0.1467726413989836
0.1018043652050966;0.4997687991190291;0.42415091624005097;-0.08338034342545966;-0.14400349907579027;-0.13559500736284993;0.07347215176691473;0.1197779780933856
-0.07472219591387226;-0.1764498222765711;-0.1575178073718136;-0.03969469659556963;-0.17674433672825374;-0.15837087156749366;-0.22958675197275183;-0.16764769945296917
-0.1833854123801504;-0.14146667268711247;-0.21736550599851456;-0.15467978732885834;-0.14653618725417658;-0.13072166521892664;0.23005186139799677;-0.13667132330979548
-0.1094953336421546;-0.21824618312705837;-0.12146872123089392;0.12329302993468486;-0.1342846237633025;-0.1369290575329303;0.16686633643016796;-0.0658103321326007
-0.43832778931241667;-0.28068226853976164;-0.05202622191641002;-0.1282718146891822;-0.1698006266546231;-0.150284867440009;-0.14236064892682973;-0.07593333087219994
-0.2525223281583921;-0.14990398152666698;0.16622163307196797;0.3512460355884232;-0.035160522283170494;-0.06523241293753772;0.9994927721760086;0.15352130722538312
0.053840629883941414;0.17999479409991376;-0.045511854123575106;-0.1022276707167233;-0.18113040847950532;-0.1610296026642532;-0.2693457383062041;-0.01529656842200043
-0.10991080329540946;-0.2553472237948778;-0.25702775482126616;-0.16101391805497586;-0.18846204820862814;-0.16242356614890807;-0.3093438067214163;-0.23112497534950024
0.3332027401696951;0.52778066446635;0.5291744294890037;-0.08734953605005341;-0.033273004104791656;-0.008278843815176596;-0.26872598193430125;0.5711287485629842
-0.09622888421055854;-0.24589577152608094;-0.2529520521854288;-0.15473856295231453;0.7992673210546833;0.8868405559851542;-0.21692449606939562;-0.2269741173259846
-0.10983237610657352;-0.2550244123586764;-0.2565641434686999;-0.1609833254449193;-0.1884631891752605;-0.16242427258119274;-0.30934454188297583;-0.23065999227406134
-0.1099274393657686;-0.25537034202109815;-0.2570462662075119;-0.16102147638753983;-0.18844953703116427;-0.16241846030333992;-0.3093442405396088;-0.23115196326414003
-0.6378543528983094;0.1427530697445036;0.4837896160913152;-0.06647914776803497;-0.16451575068773686;-0.15908195141881154;-0.242560193720679;0.5117791355255237
0.019704277718434582;0.05259143062264089;-0.16250593154007226;-0.15502479212178;-0.1745203673099525;-0.15709772457887175;0.2890015493871007;-0.22906055847320464
-0.10987221625429074;-0.25502538264919294;-0.25671923171716887;-0.16094149172421757;-0.18846006597328582;-0.16242330855688358;-0.30931465045885503;-0.23093641762631065
-0.101674220044741;-0.24655335428376368;-0.24517557358112452;-0.12814095762508704;-0.005901703368774313;1.0052483203740112E-4;-0.26529424138141644;-0.21903878972100138
-0.09882232226888853;-0.24659554082796148;-0.25436843777608953;-0.15336990739162604;-0.13167197682889364;-0.12064652589009177;-0.24785459675473703;-0.22841943521969668
-0.10992027073181385;-0.2553635921740265;-0.2570386672140155;-0.161012585146856;-0.18843714212858795;-0.16240876967270002;-0.3093241178063518;-0.23115568177901039
-0.7262398329564319;-0.26971376704834077;-0.25165687351714305;-0.1561478211512474;-0.08976592812497276;-0.08210514724969703;-0.25597383050873707;-0.22565248223087292
-0.2275466173335023;-0.1852563055644003;-0.2233177202254703;-0.14219915681850964;-0.18682646898199484;-0.1576802131061146;-0.30620734327943916;-0.19673444916475102
-0.10996388748355544;-0.255359808041012;-0.25697673111819835;-0.16089830666220722;-0.18841485155386503;-0.1623799961675815;-0.30925403549008673;-0.23110806994160513
0.9603568392081233;1.183190815122943;0.8837941259883016;0.8192349189473024;0.8457246481809595;0.8833059144682426;0.06178080571443738;0.9329922101745255
0.5814417184166484;0.9849140573934125;1.0689741241602586;-0.11752756468815856;-0.1808949066427794;-0.16000371699683777;-0.2547231766794612;1.1219548533137116
-0.09298889500009938;-0.25393599951837387;-0.2435221807403035;-0.1435051660724799;-0.10709114380684868;-0.09619319325997114;-0.24122658507127062;-0.2173516232644015
0.1752623382194784;0.5166434167981381;0.5630359148690188;-0.001745369587679982;-0.14054345660242343;-0.13365221208085762;-0.20508782023538596;0.3053662883193719
-0.17327413844758255;-0.1615052811810544;-0.27586254470676314;-0.16588958329229664;-0.16977590831223052;-0.14587936594874093;0.0553283257584584;-0.25035259915549507
-0.09035305008605392;-0.04068301859863404;0.009513059618949287;-0.14948611744131582;-0.17973884566348203;-0.15856457805539642;-0.26200974344487565;0.040852331253643424
-0.08146956135656293;-0.21795782966015775;0.17675836835438094;-0.06453644243581792;-0.1380864987167318;-0.11995876686278938;0.4497717709372427;-0.17470005524155666
0.14501493756649766;0.1074339380797451;-0.020248011515829528;0.08278627234003288;-0.13799206883696688;-0.15563659674599672;-0.11263268483671435;0.01048333503484567
-0.11636581464761736;-0.25844995974753554;-0.25879953058948996;-0.16187180019909653;-0.18768330668108887;-0.16235992493892965;-0.30891419112754476;-0.23294104132338436
-0.12958824979020608;-0.26933408815056087;-0.28343508391772354;-0.1686709780181714;-0.1865108296660524;-0.1616031529022399;-0.3052657735294566;-0.25807982152672254
-0.03789541523931303;-0.24073161118447112;-0.23899188435645385;-0.15741371840332016;-0.18499965554587947;-0.16172509460110587;-0.30344405396675217;-0.21272878717331786
-0.1539590126020363;-0.27545113705923785;-0.27391154115459426;-0.1678127089478532;-0.18530972976115861;-0.1583948807936673;-0.21003483549331212;-0.2483617427367072
0.9440216311011647;1.189518796752609;2.188916298818802;0.00861825006215841;-0.12896091463002038;-0.14751957373771227;-0.21457250627621782;2.7739607609580457
-0.10992952211535643;-0.24998398515119866;-0.23654486295203866;-0.14614536507512396;-0.18141591421448564;-0.15877403228870465;-0.27885826147080023;-0.21023178081755003
0.47773634474928584;1.0777244546285119;1.1946319800626581;0.06265589822474883;-0.16384556384388624;-0.1425558033059537;-0.1580160822064993;1.4762598091996855
-0.07391574835977696;1.8242575407522936;0.1697268258945086;0.04546794258643731;-0.138802971190123;-0.14236084421599965;-0.06283474656006682;0.20433876089817138
-0.3432645301173343;-0.1963091801442167;-0.22397907736179873;-0.12444793423395094;-0.09301643377407236;-0.08913325440324638;0.2211099121099179;-0.19740931574739098
0.2876098263591212;0.32680396790816196;0.7283751989511233;-0.02581484546218578;-0.1686149925934106;-0.1460514447282549;-0.1421121160506887;0.7743985632541373
-0.20499069856085095;-0.13302936384755798;-0.20413836327194618;-0.13509047854493625;-0.13275525968076923;-0.14988706241696995;-0.2931122137318433;-0.17716331826819248
0.4865080909386503;0.5196808479803777;0.2570590357466762;0.33637525499587356;-0.024881084894814828;-0.14072890314682066;0.131103354450487;0.032315268983248054
-0.006222065698406055;-0.20896514340354844;-0.22970513720920133;-0.15557875746007413;-0.17463058845499407;-0.15689412115815618;-0.23573846919430166;-0.2032523409888839
-0.004306394109679117;0.2464929712295675;-0.1710705064555253;-0.02085722047927444;-0.07961916307947534;-0.087478128641807;-0.0835415277343989;-0.14341998913619497
0.006741106010014263;0.14540182785774033;0.24558448943137814;-9.669998422859548E-4;-0.12360664324951427;-0.1390905365422399;0.3097965002457424;0.17376730470458163
-0.3432645301173343;-0.44520979091107427;-0.4256930039419663;-0.26494681771719064;-0.16085157299995423;-0.1311793194314311;0.03160857442772552;-0.2986393031433835
-0.1043643979324737;-0.2612477207348788;-0.26675372577668277;-0.168086074678768;-0.1758787977850255;-0.1589741327342792;-0.3086636556571095;-0.24105771570212167
-0.1782433542691437;-0.25182667230848527;0.2668801892211532;-0.1446192698294773;-0.18339641038073112;-0.1599779059228724;-0.2955098837276708;0.30347666188798006
0.767247179570673;-2.626254125935911;-0.01565157941834702;-0.15193503075739712;-0.1571944912954212;-0.13747954516297448;-0.2181618569535116;0.015173657784193325
-0.012357966973725014;-0.10640965445876355;-0.15886846729026596;-0.07884291705695544;-0.14077183860834397;-0.12420604725704286;-0.1384395144000302;-0.1309687006864879
-0.10991650709096117;-0.2553637651388577;-0.25704424906824613;-0.16102556071854227;-0.18846469846395697;-0.1624244917276976;-0.30936254656784956;-0.231149904921063
-0.19678068981218474;-0.33230396412565294;-0.3383938619466151;-0.22021305219429999;-0.16368806832071572;-0.15239025952999402;-0.255194769050959;-0.32428423328370165
0.320702457396639;0.1840289625432597;0.16324294666565842;-0.0645306296324806;-0.17144909117162488;-0.15297098988046806;-0.13880615517233671;0.3188636199721709
0.019704277718434582;-0.08240551081023102;-0.10162800714104138;-0.020616361134029024;-0.12584590025431072;-0.12645493759197474;0.7104345576937902;-0.0725589979590002
-0.07878203227691599;-0.14990398152666698;-0.18760443486373574;0.27074547881276223;0.22062428197820147;0.02980525728686898;0.06617480865777733;-0.15016865496259446
-0.11450776003607711;-0.2561718863608558;-0.29226420168770795;-0.24279107117759016;-0.18445867519443182;-0.1544160322182165;-0.2889221251209263;-0.2670892904049659
0.04377256652373498;-0.05034373721992393;-0.08628452157822207;-0.06540914536974635;-0.13932134328907528;-0.14531874027201672;-0.2420789384765215;-0.056902093241753354
-0.07776151522628508;0.010499763962769202;-0.14792300668403066;-0.14507345589858894;-0.17640725733283505;-0.1580882268725666;-0.2694122924328991;-0.11979965874379671
-0.1703790300993687;-0.7240206615141526;-0.3255966013586602;-0.17147933998720002;-0.1875521053913303;-0.16190124117820123;-0.30932177862590265;-0.30110256617001935
-0.10988336458195998;-0.2553188744371769;-0.2570257707498571;-0.16102331306028383;-0.18846418914113477;-0.16242457853879994;-0.30935950848399363;-0.23113104914874402
0.2876098263591212;-0.03178165777290405;0.03064342012464225;0.308759758774832;-0.02594188917745486;-0.08090647407596155;1.1808302284471524;0.25137696170817586
-0.17189140013201773;-0.32873274238102446;-0.2658099162345712;-0.16599130294461437;-0.15957455841214188;-0.12700006687544094;-0.23047077683928435;-0.3790833997940656
-0.11247686313509127;-0.25726873650999793;-0.2571461377486689;-0.16109432466847348;-0.18022456312874524;-0.1619247733899179;-0.3086735993185193;-0.23125387486678448
-0.1094521230697932;-0.2585343328359311;-0.2576090877440988;-0.16134810667754793;-0.18261256340513538;-0.16240665063178567;-0.3091294267072841;-0.23172628147463245
-0.10441095300313587;-0.11651816637209512;-0.012468546884054708;0.9678113840487627;0.060312260049964934;0.010224536693028545;0.15553124512800653;0.0806019729711365
-0.26098821695341085;-0.2964417439841644;-0.2835012196313564;-0.20476286366764238;-0.17642487769323256;-0.1473816545724018;-0.2880513983058718;-0.2581473081849865
0.04632199029305762;0.7768500214099987;-0.13975524605037468;-0.1553430224411767;-0.17489547192639776;-0.15822487277062797;0.1685855316183229;-0.11146505644819334
-0.11973983009036988;-0.22242931647662112;-0.1978570610407391;-0.1346943971046501;-0.1863973957460054;-0.16073808421177468;-0.26719875490741013;-0.17075370878724422
-0.09580696321885013;-0.23318021977306985;-0.20579175611276723;-0.12481005715756852;-0.18408153597979313;-0.1615306263485305;-0.2535184182271087;-0.17885048472479234
-0.10992268620280884;-0.25536063911593265;-0.25703767517831105;-0.1610249926167485;-0.188463992978385;-0.16242358020430214;-0.30935397730753;-0.23114319674723155
-0.09873590112416573;-0.26654977623350784;-0.28217850535869954;-0.20181150937441003;-0.09412301952291413;-0.10335028530589384;-0.2652255065742556;-0.25679757501970657
0.2858381928923037;0.20788009981464137;0.22240392180306712;0.643687869603948;1.551584395144594;1.6014080514659303;0.20599381703653674;0.3704909135441271
-0.061417677968025816;-0.19867930035168152;-0.18771755008154764;-0.13590869100096764;-0.027107727374222748;0.012361336067702575;-0.27389668577171655;-0.15337427123013425
-0.010543122934546161;-0.16677859920577595;-0.15453657804731483;-0.1429654819816935;-0.17055519041875938;-0.15162231329683348;-0.18972038592346924;-0.1265483245701962
-0.10639749857264998;-0.21186236338749231;-0.24728343781888776;-0.14403796286234072;-0.16632044301170376;-0.14165842747509347;-0.25426183237229416;-0.2211897109958598
-4.5760250310570075E-4;-0.1676428496248292;-0.22212727738007915;-0.09190179193079899;-0.17017240217641538;-0.1586439129299613;-0.22486741915918182;-0.19879279224180288
-0.5235865523544682;-0.6657610439770287;-0.7046865119021095;-0.21816357579017312;-0.15935729670845786;-0.15527895068211928;-0.3050761426525523;-0.6879360913392388
-0.1391809968544371;-0.27637924103158884;-0.27080316261385073;-0.17240968230350565;-0.18688001796633616;-0.16221306731838167;-0.3095165931232682;-0.24518986979829943
1.0654869432252716;0.904122210046743;-0.14897777211290403;-0.10308433282480302;-0.14640193662418846;-0.1624039792269883;-0.3022889522466632;-0.12087596971312004
-0.1097616620049041;-0.2382847916210003;-0.1671354314943712;-0.1276009426916025;0.015890852511012903;0.014569661995838652;-0.2812945590444657;-0.16427336653976943
0.3955930466902624;0.6400390585766226;0.893251533037798;-0.1009504323465546;-0.17312779397808742;-0.15809298837697894;-0.2924333065603936;0.3874300647683898
0.746462894264839;0.6758554346005314;0.3652570632500054;-0.07567766632835186;-0.16628339101022643;-0.1572932195735292;-0.06494296144738218;0.4038630660556726
-0.1099164163487592;-0.25536306906087847;-0.25704563461144675;-0.1610258256782159;-0.18846013879969142;-0.16242144626437602;-0.3093328558262277;-0.2311528473393633
-0.04781224159625458;-0.13779644334190624;-0.10969656420424807;-0.1286920326489075;-0.18220690576682091;-0.16059082479314482;-0.2738066728538992;-0.08079237026720758
-0.1689973504428267;-0.25074786534429655;-0.24306600304194959;-0.1598336166756687;-0.18771534108375715;-0.1620653100615669;-0.2982740145771952;-0.21688612729035978
-0.12098934589028727;-0.40015456170785324;-0.38915302215982117;-0.18840403757456634;-0.18545124713023325;-0.16132319479360285;-0.3073874094217154;-0.3182779206982061
0.14069388033035757;-0.20052783456399395;-0.14792300668403066;-0.15423717697577485;-0.17528706995192953;-0.15349311614630587;-0.2525913478648586;-0.20753231448699025
-0.10997497099536614;-0.2553154995136411;-0.2570022925715175;-0.16094780569970957;-0.18841293307967366;-0.16239235408755906;-0.3091929898308502;-0.2311138400508867
-0.10991983430503299;-0.25536167268626553;-0.2570367625054629;-0.16099591555257245;-0.188447367465312;-0.1624142284380374;-0.30934762571213786;-0.23114226543134753
-0.1546503817598187;-0.17310658083544184;-0.21445553459866953;-0.15944852369973775;-0.18765760522341302;-0.16206127117752633;-0.308377771149829;-0.1876912369573757
-0.20633022630405437;-0.22891937880909483;-0.1578433637289569;-0.11938667913565522;-0.17133828832330705;-0.15449564722381276;-0.2604224109833989;-0.12992265748339596
-0.6050773880550634;-0.6044218087134676;-0.2052407431078495;-0.15887289116535688;-0.18106095380837928;-0.15537889945352096;-0.2826633304126426;-0.17828821625713295
-0.10821394572406343;-0.25313295755629717;-0.25468312142191163;-0.1605944547297982;-0.18777808280733793;-0.16206062805424976;-0.30746803558160285;-0.2287405468627155
-1.1729075194562348;-0.9809789022227846;0.060404491259421066;-0.12372205244217732;-0.16006425589281104;-0.14229135900714313;-0.2628239752185603;0.2648742933609749
-0.8128338199686796;0.2788800536994924;0.2642347606758395;-0.026204656078366736;-0.09821852548879945;-0.15098852172991423;-0.25610711025666255;0.3007771955574202
-0.09203826240814857;-0.20812141251959296;-0.19001838841133448;-0.09359873565414649;-0.15800957082192352;-0.14984997104381925;0.24986731105108595;-0.17665716833121253
0.44675436436616134;0.10604178212121862;0.16053396169954356;0.5746937849097473;1.3614058040285124;1.233840681590085;0.23161694920383002;0.12352348762703733
-0.1099131755558321;-0.34429957719000254;-0.23571816653162814;-0.10042814244044634;-0.08054711763094843;-0.056343689667482606;-0.28093743275276184;-0.20989434752623007
1.00741154075534;0.5942244715778416;0.1589797724291718;0.28849076097593424;1.4620849211811322;1.2670531172631379;0.43414247855441845;0.21186352329460678
0.14103956490924877;-0.08042274323293572;-0.048388757666603714;0.32697966941784823;1.448813856804383;1.2670967106830378;0.41712650391310185;-0.018232238056484204
-0.158885017851236;-0.3150221155167484;-0.2565509163259733;-0.16090276545799298;-0.18654015556098008;-0.16233417969013036;-0.3087444911082569;-0.23064649494240852
-0.07246387312843387;-0.18015173371646984;-0.0020276224099815923;-0.12352316382546351;-0.169618535010124;-0.15652682584814842;-0.2933083165199984;0.029075909386576313
-0.09415558045385722;-0.31143625925993773;-0.06687368962698301;-0.04530931331087934;-0.15311675784540477;-0.13525419547605738;-0.29287831277025045;-0.037094759041270825
-0.14449589725488945;-0.5464574969857282;-0.2835012196313564;-0.16254186195779344;-0.18693812723247838;-0.16173063246192473;-0.3032175650979138;-0.2581473081849865
-0.2502730839142069;-0.5145450721991901;-0.4602006418577455;-0.19581940342216705;-0.18500957528702203;-0.161853520828141;-0.30716510236437855;-0.4384561438836463
-0.20101532590360205;-0.34286523468727825;-0.23300660227268166;-0.15607538614135202;-0.17511080105286564;-0.15457554919790722;-0.24832781015337338;-0.20662124460042633
-0.1877064696162905;-0.33552477599686586;-0.3099555050844931;-0.1896765115628739;-0.18217499643558135;-0.15379489123260398;-0.306473893031198;-0.2851419714905845
-0.10990713039675874;-0.25534629569090544;-0.2570317229640841;-0.16100917161649655;-0.18845549153722865;-0.162419043999905;-0.3093396385083315;-0.23113712294798777
-0.0851677814026858;-0.22364606078437327;-0.22447509521404507;-0.13665690930940744;-0.1331013000626656;-0.12410577447995233;-0.13273576124140765;-0.20466413151077045
-0.10189027290654801;-0.2538938129741761;-0.2559226270464613;-0.1562032118667267;-0.029321044357328806;-0.013422851258537745;-0.22653775575729299;-0.23000537168890056
-0.022569441902541707;-0.14927118336370038;-0.241207430763154;-0.1459084927455543;-0.1595794028568255;-0.15161258883671114;-0.23538356483024064;-0.21498959022516168
1.1287468279461546;2.5491067431584202;1.053829045738338;-0.07113275111407788;-0.1689884890643268;-0.15932990200136976;-0.20336252104359417;0.7042124386595824
-0.06131554545919241;-0.16158965426944993;-0.2359827093861595;-0.15580475613651917;-0.18091772925364932;-0.16197697328674387;-0.2966393139443895;-0.20965814422230608
-0.10992830357721584;-0.2553707638865401;-0.25704957960676494;-0.16103199424538664;-0.1884595289761794;-0.16242106938839068;-0.3093615122780967;-0.23115534434571905
-0.10383474866281106;-0.20753080090082415;-0.21184317391017227;-0.09869857998858396;-0.15825435189961465;-0.1412301459032462;-0.21350874207939755;-0.13282458378874776
-0.10992052567419078;-0.25535093621076715;-0.25702014921419836;-0.1610165083403246;-0.18846411715872774;-0.16242446946107839;-0.3093605886571426;-0.23112531278279158
0.810457751932074;2.7061250606625293;3.3605766015382277;2.878819648137664;0.14246856406340533;-0.02045335389837273;1.7628871319551787;1.563992464942879
-0.10992740911836796;-0.2553694982902142;-0.25704395807110614;-0.16102658873986173;-0.18846512143887184;-0.16242456731576937;-0.30936549228134014;-0.2311496079797666
-0.10349441787383543;-0.24908977384845618;-0.24506857261003795;-0.1582499396794179;-0.1875547199654563;-0.161950544298241;-0.30275651642572904;-0.22042226621541325
-0.019185237406826375;-0.07396820197067652;-0.11154836418596766;-0.09530822147197299;0.23186590444206748;0.20703859134310013;0.6100273505597785;0.03204532235019208
-0.10978786921704128;-0.25522690777082574;-0.2569103639295678;-0.16101681785211192;-0.18846107431083475;-0.1624221818671169;-0.30934324060098656;-0.23111114058455615
-0.109923420782539;-0.2553657015012364;-0.257040750488995;-0.16102431580853266;-0.1884643487159826;-0.16242434456048227;-0.3093595326789485;-0.23114633487684083
-1.0506648102458311;-0.5916814723657403;-0.12646196761017348;-0.15891777572707735;-0.18633706922779258;-0.16107227111749325;-0.2823661316440303;-0.09790023813713032
-0.02648782413590316;-0.1342527736292934;-0.15139513164975482;0.2111866552681646;0.0348035017093947;-0.07708643941507462;-0.018442851365893145;-0.08366055324342737
-0.07160226295766202;-0.24609536450398942;0.10815875878979057;-0.09445135650279013;-0.1773715842407733;-0.1531154077381656;-0.27460457799801297;0.14151305181551457
-0.2442258982650031;-0.18521411902020254;-0.28283986249502796;-0.16670032262016063;-0.1701557705318513;-0.1508837931928865;-0.13384731488706708;-0.3391987847600445
-0.13741940552463647;-0.2376087775621575;-0.21044442340755176;-0.1399118478747853;-0.18040521808000332;-0.16076737612673436;-0.293728031609526;-0.17196684558186487
-0.10992601341688067;-0.2553681061342557;-0.25704002299614503;-0.1610245827862109;-0.1884635250995317;-0.16242365812091356;-0.3093602288270173;-0.23113219642193447
-0.1989412184302548;-0.148047773581965;-0.07130478244038341;-0.07588545065641698;-0.15027081698895797;-0.14941634042713672;-0.16376387263665074;-0.06479803225864078
3.6852571311360864;2.8177084700656376;3.074539640076187;-0.09552157500025192;-0.16375203830657448;-0.15884343444066476;-0.2846093934171141;3.1684877651693606
-0.6283246759854971;-0.6909042243189012;-0.5919251201581142;-0.1767461103752899;-0.176501091402848;-0.1502945657150085;-0.2503552757408512;-0.5728713389991272
-0.609775919888181;-0.7433731353972987;-0.06267010366847958;-0.15236611135382377;-0.18373399707725538;-0.16215042299302482;-0.2943339263386772;0.11513995750419255
-0.11856955383804882;-0.23427706992221192;-0.24712657713329336;-0.15209628107262577;-0.1686779050764217;-0.15887835881785123;-0.2938284707277952;-0.22777831196618875
-0.037059856722617864;-0.018577269439001256;0.10524450510248783;-0.06694188829478132;-0.17623148559009885;-0.15836526843240556;-0.17654317132800293;0.1385392690907762
-0.15037253509603998;-0.2530500820902207;-0.2658099162345712;-0.16972890801488802;-0.16258392935007843;-0.15095096687710075;-0.30040853296983294;-0.24009462709936785
0.045544199990552404;-0.05928728458985171;-0.009104143768695668;-0.05648127243364064;-0.1583312169750518;-0.1499125829381583;-0.11815971523246886;-0.03395662943199506
0.06425659884645844;0.19471789802493633;-0.1639278493831784;-0.1546943231456018;-0.1819452124067096;-0.16174997374698513;-0.2919153363238517;-0.13974196626080723
0.04463677797096301;-0.15589447080275068;-0.17067369217372821;-0.1561624258215433;-0.17921757559912288;-0.1560025832853728;-0.22646900992192914;-0.1689636892891171
-0.23348628211549918;-0.249938453214046;-0.20193766763974225;-0.15854703448707327;-0.18648940261306174;-0.15958730391481327;-0.2970612805000931;-0.17491766934546182
-0.10730282920053712;-0.25280793132652546;-0.2522295658089896;-0.1581960090317453;-0.1864981562343688;-0.16119968628951556;-0.3076361315992016;-0.22623687282511123
-0.23147877941838976;-0.21048385899466823;-0.2562202377578091;-0.1599752084814632;-0.1509647261808338;-0.15243526114993286;-0.24165552603739665;-0.2287568685110167
-0.013956758151096841;-0.11893905808550197;-0.04144450773515532;-0.08020269229759891;-0.16586447464491316;-0.14535121811195775;-0.13010183807108636;-0.011146138938764724
4.889535782848335;0.4649649001558668;1.4558680489123832;-0.13527400046640592;-0.15105133196143916;-0.15899296052494363;-0.04362300442714408;1.5167518041580825
-0.03992631214029889;-0.16542862979144723;-0.21276907390103206;0.04369096073969834;-0.10766292232829838;-0.14199796748601734;0.03719650253549269;-0.21330242376856182
-0.27144855885268576;-0.2904273602494471;-0.248118612837786;-0.16028602530989242;-0.18735417610200847;-0.16114051716587058;-0.305169633616452;-0.1349504135240636
-0.10042111344626037;-0.22368824732857104;-0.19355664909069148;-0.15510935167408246;-0.17824025657003492;-0.15255951643713928;-0.15384101673673617;-0.14352121912359098
0.2271098354634191;0.10373650263218578;0.0610134490698382;0.047128171632046856;0.18726666888554297;0.19648206056577833;-0.2054531611338619;0.032041269776363346
-0.08400109594892796;-0.30797696263572044;-0.3074092801096287;-0.16603649259196057;-0.1863827931375921;-0.16162655455508307;-0.3079318451343743;-0.2662794505057979
-0.06960113814103318;0.1710611732238357;0.2460143715699916;-0.014528284797951894;-0.1638747982292748;-0.14206249458836845;0.19833430031785476;0.3203483264539788
-0.5895647925773204;1.605056257100668;1.6509684041292667;0.09290516546813966;-0.11373229336442431;-0.11914106862055501;-0.033782879030867886;0.6664199100317452
-0.29158468557309863;-0.3945859378737473;-0.3461978761552904;-0.16858230755467649;-0.17895349917676023;-0.15792154689897803;-0.3049818457972603;-0.32212466021925373
-0.10990064881090454;-0.2553471394217894;-0.2570241173570163;-0.16102214794865344;-0.18846265834599307;-0.1624229703574915;-0.30935984148092566;-0.2311293619822874
0.025667336704307923;-0.07700563315291614;-0.13529108538015786;0.1061814732944875;-0.15868783534292905;-0.157451819074725;-0.12154438067033878;-0.1242200348600884
-0.07129718767467606;-0.035494073662308036;-0.023124915058858164;0.007441473575716708;-0.11794663922175154;-0.13985458267291595;0.15310456332290184;0.08357138593475226
-0.04511158082366701;0.014623540844645668;-0.002424436691778658;0.12883425818118321;0.07501021173698232;-0.033381682361073396;0.5552387255195826;-0.06918466504580045
-0.06364891636670807;-0.2924945009151379;-0.7956561860040834;-0.21378146377601934;-0.16656018927911295;-0.14256547346445794;-0.015538670950041548;-0.780763989781364
-0.08404430652128936;-0.18318916489870946;-0.09223673580517783;-0.1401714969367625;-0.1735658430451952;-0.15406495945336315;-0.12461650503820791;-0.0629758924855129
-0.08321034247471433;-0.20351886054761603;0.1427103868754927;-0.14284843161571228;-0.18092670024566357;-0.15860387213539653;-0.23457276929377224;0.1767704609973294
-0.10386931712070017;-0.25292352245762734;-0.03813772205351323;-0.13919749023216516;-0.17597391797228673;-0.15281730352329645;-0.27786126694680036;-0.007771806025564972
-0.052928986953971996;-0.2024146235345849;-0.18733989200920437;-0.1508282509730414;-0.18521123916565232;-0.16069594798876777;-0.2856961595756839;-0.16002170706913774
2.2061592392053284;3.895785607039713;6.075447646166384;1.1694386574622289;0.12234374131615541;0.03920677533423246;3.3370243526435783;0.8486338873445317
-0.1056063821296285;-0.23427706992221192;-0.23059264872508292;-0.1423237515189772;-0.15021528876017903;-0.1437096612361602;-0.2179331383955163;-0.1906606499209915
0.25736242570614043;0.11165259249952235;0.05048413421449479;0.0419773376580985;-0.03249101438698519;-0.080241604097089;0.28643460424459777;0.08266031604818834
-0.11066201909591243;-0.1660614279544138;-0.1438556602956109;-0.12141243049155243;-0.1634896980083034;-0.15841877714220468;-0.28184542682133984;-0.11564922926056102
-0.10992830357721584;-0.2553467175563474;-0.2568319931089129;-0.1609752699169493;-0.1884570105512354;-0.16242038162578887;-0.30931046035213755;-0.23093331324003052
1.9196438174337775;1.1958467783822748;1.0557469814336904;0.41097974560816447;0.41679841328318973;0.14598985461416858;1.4582342690668104;0.8520082202577315
-0.08498069258753264;-0.21924656530558342;-0.2349389026450351;-0.14687686207292366;-0.18440058374121054;-0.16084738017396244;-0.29658103153775883;-0.20859301579225709
-0.12289061107418893;0.37742782094548893;0.1827555614801784;0.043256157062666;0.6462294968324933;0.6209594702044643;1.1894386022826267;0.21763363257617838
-0.13261298985550415;0.05727413702859364;0.12333262278107006;-0.07338591147185274;-0.17983550870294174;-0.16099187754516855;-0.25838330880377486;0.15699687012597885
-0.05771466586942807;-0.16753795700133586;-0.13178589255761725;-0.009760469739414704;0.018981683716620214;-0.018377953364651024;-0.03146648270562296;-0.07458359770692005
-0.22154034777526754;-0.335313843275877;-0.2618417734166007;-0.1654006467027227;-0.18163628721905098;-0.15602794920756136;-0.28520606318853403;-0.23604542760352815
0.25736242570614043;0.22977491625328528;0.2290505610231677;0.04416369071236097;-0.1565126869758358;-0.15326793865716495;-0.07156371473748141;0.32223795288537066
-0.10991101934827129;-0.25536696709756235;-0.25704395807110614;-0.16102515142497822;-0.18846080042499638;-0.16242251461231508;-0.30935938360975546;-0.2311496079797666
-0.02739524615549257;-0.07270260564474336;-0.1644569350922411;-0.07474135839547424;-0.1558194206765488;-0.1447504371444207;0.04485350604847904;-0.1332969903965957
-0.9676573007395797;-0.6202839493318301;-0.4984422889380923;-0.1726895892138158;-0.18135115128223123;-0.15918536654819876;-0.29387421665706553;-0.4774789475429704
0.1845162841489954;0.13696451901818585;0.09677913375748406;-0.07972158245455044;-0.16483247717916266;-0.15298821010987115;-0.1568913873761707;-0.03881566882700269
0.07410638832143854;0.05246487099004757;-0.003912490248517608;-0.11103525831252449;-0.16573045551909532;-0.15371720836050828;-0.1876195362459873;0.027152539626052432
-0.11878560669985583;-0.26017960805964424;-0.2637266412551367;-0.16860634058141635;-0.18499107797605513;-0.159699675973019;-0.30910421330223775;-0.23796879736405196
-0.11511270804913673;-0.19727947066076548;-0.26924897334347897;-0.17174562744521224;-0.14651720408610416;-0.1291450634449429;-0.21538723641439086;-0.24198425353075967
-0.10990929092537681;-0.2575851355914812;-0.2571107551418753;-0.1611223953537823;-0.1884598476446262;-0.16241141395905745;-0.30934089626344385;-0.23121776950461326
-0.07825408982486164;-0.2367660760298805;-0.23856200221784035;-0.1528897950003807;-0.1820698664297701;-0.16054028749066804;-0.2618605232633201;-0.21229012389460186
2.7117229358337207;7.5322657168877;0.8738737689433753;0.9555799976954111;0.27679934626429875;-0.12827948928404245;-0.0013763784883217927;-2.761902329779202
-0.19245963257604465;-0.4410755095796926;-0.12923966758275285;-0.11850058101521627;-0.12798540615849385;-0.1276279135477162;-0.13371990558844185;-0.10022852784723817
0.1516693657101534;0.4158597627096597;0.38083202381053965;0.28339772857480044;-0.10721219758067783;-0.08392028859106368;0.23678492754513208;-0.04968102080750588
0.05296068114625936;0.16242843099963064;0.08685877671255779;0.1080845849031762;-0.13730558736626364;-0.14197174300043783;-0.01562394469346823;-0.018569671347804184
-0.10469896011003907;-0.24613148884178598;-0.2558399574044203;-0.16060346586070823;-0.18474901257525528;-0.16241385002156128;-0.3091463783569525;-0.2299210133660706
-0.1129334951795776;-0.2582164150388567;-0.2556415833313786;-0.15992456213929204;-0.18817910853672318;-0.16184338767051182;-0.3078631454662151;-0.22971858713460774
1.9634022436789773;1.7332189783735006;1.3192978002605649;-0.009978136172365752;-0.15497208899897946;-0.15670607651668145;-0.06974698209980904;1.3773918548429327
-0.10995025886903266;-0.25536670132233386;-0.2570346560829837;-0.16102305416695986;-0.18846497663739153;-0.16242441958651926;-0.3093635237279356;-0.23114011598128176
0.6116891190696291;-0.5127082616275103;2.464437681813221;0.06545590076442605;-0.1184142083880752;-0.1190779276659644;-0.217617812904128;2.5459233426840067
-0.16610118343559;-0.4156792099726335;-0.40585228985211375;-0.17719103520645746;-0.18145132330725333;-0.15803564428735972;-0.291187702468935;-0.3829976259733773
-0.09026514681869914;-0.23777033093316288;-0.25170845606699094;-0.15855319899114426;-0.1870952922663996;-0.16169644632490263;-0.3048317193477387;-0.2257051184499859
-0.10992754739219951;-0.2553753200333135;-0.25705123299960575;-0.16102789520929137;-0.18846496476365032;-0.1624244800908447;-0.30936583858311406;-0.23115703151217565
0.08837348226143647;-0.006469731254240567;0.23897091806809395;0.560046501410033;-0.08248499771196352;-0.12690954728458517;0.14472922404757393;0.04216832108979133
-0.11537197148330515;-0.24676428700475256;-0.2580720377395287;-0.16177815817290292;-0.18058409257618188;-0.16224683382363284;-0.30923386888637977;-0.23219868808248043
-0.14726137388601912;-0.17753616797620791;-0.2618748412734171;-0.16462882185393543;-0.1879321606272924;-0.1623240464393223;-0.3092231194386272;-0.23607917093266012
0.09921173086341253;0.05786474864736245;-0.014196593718424508;0.2350708438287909;0.12627732825734572;0.1157613967356315;0.0076463609906625655;0.0020475027518462915
0.4369254888082041;0.37186997999207994;0.24472472515415122;0.032643915232517605;-0.015746060012758346;-0.017014844117877383;0.4962377495591206;0.28086863136954177
-1.1534627618936044;-1.0484773729392207;0.0471773485328527;-0.15655974401008324;-0.17109650161327591;-0.15788436005530523;-0.2100104813655888;0.0792859831349886
-0.062395809768227437;-0.1878718713046622;-0.18429764918209365;-0.13475226286152425;-0.16796504175810947;-0.15239330735673687;-0.22394050870876633;-0.15691732078899398
-0.10992886531465654;-0.25540198192924646;-0.2570625091387802;-0.16103866674625564;-0.18846435590337293;-0.16242366741232994;-0.3093632998374707;-0.23116853798740966
-0.11995229215361365;0.28406899863581847;0.5804296075544562;-0.08230807379358732;-0.17896254121785987;-0.16028184043421226;-0.27137978624103853;0.6234309087175803
-0.10370511694572684;-0.23545829315974956;-0.2485484949763995;-0.16024536249578142;-0.18792229694835463;-0.16234913520129896;-0.30843538442019747;-0.22248060929246516
-1.626618529250946;-0.33974343041664307;-0.40585228985211375;-0.2410077151468388;-0.18748136869218526;-0.12146137998329677;-0.17479785773481493;-0.3829976259733773
-0.09303210557246079;-0.1875765654952778;-0.25436148029901534;-0.16070126509948388;-0.18654216083303576;-0.16180396628263322;-0.2721707095807432;-0.2284123356232473
-0.10992830357721584;-0.25535852978872275;-0.2570446194282425;-0.16102589034119785;-0.18846298814148726;-0.1624245248587917;-0.3093554291027296;-0.23115028284634928
2.1414730123803105;1.954318656514026;1.4657884059573096;-0.04537471116480648;-0.15797641696777934;-0.144002562627029;0.32119913029625885;1.4492651458940875
-0.10707554158991614;-0.2459205561207971;-0.24993734496268913;-0.15959852716354195;-0.18495583045903682;-0.16148706075193872;-0.30869800005701653;-0.223897829116009
-0.3086960722282135;0.4828941814399201;0.20590306125167304;0.0908874027533861;-0.09313072327101339;-0.1104038559261524;0.29820524759010775;-0.4336126196713736
-1.8797460621440332;-0.782913077214243;-0.5392480242495556;-0.1819119587576736;-0.18662615615801537;-0.15505132665617324;-0.30932143219352143;-0.5191182156918552
-0.10972175704132833;-0.25503369339839993;-0.2565548844687913;-0.16091464267305067;-0.18843956059892922;-0.16241330515375202;-0.3093108183090101;-0.23096604426928855
-0.029123669049948623;-0.07506505211981859;-0.10880373207020472;-0.022193938100524415;-0.15034787647616268;-0.13613794825491035;-0.13380564307312776;-0.07988130038064366
0.8083404338863653;0.8040603424175619;0.4356915982689819;4.854596353834367;1.8165583011313884;0.9232404831188865;6.8480889143147055;0.6054119709610938
-0.10517427640601448;-0.20390275809981573;-0.17768407781880946;0.16905405969271797;-0.1563355072482129;-0.14361702549516311;-0.07235270336754548;-0.18391198409459197
-0.10991404408833658;-0.2553450300945795;-0.25702312532131183;-0.16101273103385771;-0.18845886432801393;-0.16242065199395772;-0.30933549194161;-0.23112834968241347
-0.12747093174449742;-0.2552859689327026;-0.2663390019436339;-0.18371057661273776;-0.17095634378693936;-0.14821491595568834;-0.2723446050386169;-0.2406345203654798
0.028043918184184984;-0.12957006722334063;-0.16812746719886382;-0.13885120196292386;-0.166647715364157;-0.1473129620267832;-0.19873811923227946;-0.06027642615495311
-0.12276097935710471;-0.19128898138468178;-0.15661985302674933;-0.08521893056743357;-0.16435284292334718;-0.1537716007374644;-0.2080068192653343;-0.15188956474832635
0.13637282309421744;0.035716812943531906;-0.028878722144915384;0.6715301892598882;0.29032575081429685;0.27957748220467377;0.2268451179819226;0.0016763261313943209
-0.10992463067856512;-0.25536148284681665;-0.2570538784281511;-0.16106288679507252;-0.18842945810050543;-0.16240644769035978;-0.3092505194229445;-0.2311543320458451
-0.10992398251997969;-0.25536401403946846;-0.2570290775355388;-0.16102325859254266;-0.18846464226153326;-0.16242459835390446;-0.30936333291216755;-0.23113442348165722
-0.11837982053586714;-0.26362241396373465;-0.23413090940443998;-0.1490082042950853;-0.16272974570654236;-0.1408312367212709;-0.13381588382514994;-0.2077685177909142
-0.09272963156593098;-0.22457416475672426;-0.17447649570761664;-0.11809279052909889;-0.17307239573877514;-0.1533239338394948;-0.2795448421656922;-0.15404913781277418
-0.09216789412523277;-0.28523841531312105;-0.25688159489413753;-0.16097695216287736;-0.17331210020415694;-0.150035664407528;-0.295975288219063;-0.2309839282337285
-0.15512569805579413;-0.27945885875802623;-0.20466744898100891;-0.06137345039423194;-0.18783610596168113;-0.1295832219206153;-0.2804044313743482;-0.17770321153430443
0.002420048773874157;0.001967577585313927;-0.0950144357777572;-0.12787996913680857;-0.14631676518731954;-0.1371397547454115;-0.12378618122545001;-0.0658103321326007
0.64625757695875;0.5166434167981381;0.47705948714632446;0.0812469673661987;-0.10581092532760436;-0.12980336834609243;0.2860615045588483;0.6495482454657464
0.21199132472666932;0.12008990133907685;0.38777627374198803;-0.07705789899007322;-0.031011448985156814;-0.05528279403607224;-0.11163850145675525;1.0240991988309187
0.21415185334473935;0.23399357067306253;-0.0057312223734207485;-0.08520726284340903;-0.12730768225419017;-0.13463354321949583;0.1919359909841431;0.12315231100658536
0.322178284248242;0.259305497191726;0.0471773485328527;0.07136817288582636;-0.1346484970075053;-0.149010038356697;0.06264345531033327;0.1467726413989836
-0.10961502692759569;-0.254729528414734;-0.2567155942529191;-0.16101742712477926;-0.1884631087027307;-0.16242439050179938;-0.30934636198344195;-0.23081453672148589
-1.437874749176346;-0.038236199035163246;0.029684452276966023;-0.1085943953208494;-0.15534006141593493;-0.07179359821452388;-0.10581091341235398;0.061435762024161886
-0.09465896201658136;-0.24239470600445337;-0.24660879732447616;-0.1508465326443573;-0.18289896773108943;-0.15729035924285378;-0.2889991260473428;-0.2205012897179075
6.842653653583663;11.371241238884995;18.522188951867214;4.9196874633229495;0.8364426556878989;0.27760540015692575;5.696599900327846;18.9181866375292
0.7024313210285714;0.3816464753652662;0.20920984693331515;1.136601516413378;-0.054819205850780484;-0.03877746675910715;1.6934189619034312;0.19401330218378013
0.0038027870894389924;-0.16293394959358407;-0.24500320076389756;-0.15817935373982442;-0.1573135583499586;-0.14305154895798888;-0.30743234358590876;-0.21886289586923502
-0.014345653302349451;-0.1438713057063855;-0.2089001346535108;-0.1374097851124656;-0.1800686006358148;-0.15940377705840628;-0.25855584068541626;-0.1820223576632001
-0.1585012042632931;-0.26796077270267304;-0.22159819167101644;-0.13381342994363352;0.0197015755216394;0.04108566078042423;-0.2003656354354906;-0.21954493965798136
-0.3246105260289175;-0.4834476745719352;-0.6027978314793534;-0.5774161471269386;-0.12372801401862553;-0.07213330344884347;-0.22683211306955103;-0.5839661456177281
-0.12381803526772443;-0.25335406567174656;-0.2532982858734395;-0.14903043752610146;-0.18092950531650898;-0.15587991754172073;-0.25732121925456314;-0.2309839282337285
-0.10968141565097173;-0.25513014871305373;-0.25618716990099266;-0.16084565089927771;-0.18309518944608413;-0.15945944226641828;-0.30581044300606525;-0.23027531832195655
-0.040747313015165494;-0.16112560228327444;-0.1775848742483602;-0.10538133765002394;-0.14888960789021524;-0.1375204570957021;-0.19439213030917019;-0.15006742497519848
-0.26421146206707996;-0.30177554063864787;-0.197524791908662;-0.15620734899601477;-0.18633786074178663;-0.16160553067381397;-0.30045341386951957;-0.17041465244179296
0.2445288857148043;0.09954505431476164;0.13755180121213104;-0.10071837337591195;-0.17264223021397254;-0.15665835375729262;-0.12937560572434956;0.573625754918752
-0.033894003891159166;-0.20834388326041992;-0.2757025095069144;-0.1754418402656407;0.359231178325817;0.3346938978080785;0.7343644042303681;-0.2501892949398279
-0.12539583042798588;-0.2689343200204339;-0.23113515998401313;-0.1558902993832177;-0.18625228326089927;-0.1610884368080127;-0.30016428009958535;-0.1783555375730842
-0.10994001364232578;-0.25537017327492134;-0.25704610748179924;-0.16102644798748803;-0.18846404353419258;-0.16242446637032304;-0.30936342041789655;-0.23114748215003128
-0.10715227492431552;-0.24737041905313173;-0.2455723878629216;-0.15101710014364156;-0.1820074984563151;-0.16019108804857127;-0.22703330874850772;-0.21944370967058535
-0.0799787015468354;-0.2198914583507715;-0.29163591240819586;-0.23543243685701662;-0.14417655702014157;-0.1281192890919394;-0.09605677931555869;-0.26644816715145786
-0.08556334826631101;-0.1913733544730773;-0.2572784091759346;-0.16319339630552515;-0.16868949811637277;-0.14936254903127769;-0.18995364836581513;-0.23138884818331246
-0.038716416114179655;-0.12134369110477501;-0.06935377888821458;-0.11323050871735882;-0.14727140532815858;-0.1267557399599472;-0.24329701680926424;-0.002035440073125386
0.10521800042164728;0.1014856353478592;-0.16449000294905755;-0.1180781284217433;-0.13771297111622388;-0.1348325337942996;-0.089418455891355;-0.17989652792788427
-0.8655939288219504;-0.5897830778768405;-0.16594498864898005;0.002428433176543485;-0.14495546928646388;-0.09277486815203802;-0.20916749800616893;-0.23061275161327655
-2.452761462228573;-0.43111948514901827;-0.47512944988251554;-0.620554441060365;0.528222863532857;0.5627303426667336;0.4341853019335108;-0.6728190798881039
-0.046451108566870444;-0.21525093848901652;-0.19524310978832898;-0.12162058456169443;-0.11953766936961517;-0.11226333089617722;-0.01764816202005229;-0.21792525985964548
-0.05807475253208733;-0.31443150389797964;-0.26366050554150383;-0.1613681734501374;-0.18634597870704;-0.16095819391719926;-0.2910441312206633;-0.237901310705788
-0.13075493524396392;-0.028280174604488943;-0.13697754607779533;-0.14742227778753356;-0.18474644835269682;-0.16228561540927813;-0.3057241573865669;-0.10863061680110553
-0.11665034330344548;-0.17631275819447256;-0.4106471290904948;-0.18923407882660667;-0.16543772001721016;-0.1460521960687643;-0.16562218197966252;-0.38789040869751695
-0.10461253896531628;-0.24199720751040427;-0.27053861975931937;-0.18592144716867848;-0.17040123537696547;-0.1477223843114137;-0.27451145464028076;-0.24491992316524347
